Country/Region;Province/State;01.01.2023;01.02.2023;01.03.2023;01.04.2023;01.05.2023;01.06.2023;01.07.2023;01.08.2023;01.09.2023;01.10.2023;01.11.2023;01.12.2023;1/13/23;1/14/23;1/15/23;1/16/23;1/17/23;1/18/23;1/19/23;1/20/23;1/21/23;1/22/23;1/23/23;1/24/23;1/25/23;1/26/23;1/27/23;1/28/23;1/29/23;1/30/23;1/31/23;02.01.2023;02.02.2023;02.03.2023;02.04.2023;02.05.2023;02.06.2023;02.07.2023;02.08.2023;02.09.2023;02.10.2023;02.11.2023;02.12.2023;2/13/23;2/14/23;2/15/23;2/16/23;2/17/23;2/18/23;2/19/23;2/20/23;2/21/23;2/22/23;2/23/23;2/24/23;2/25/23;2/26/23;2/27/23;2/28/23;03.01.2023;03.02.2023;03.03.2023;03.04.2023;03.05.2023;03.06.2023;03.07.2023;03.08.2023;03.09.2023;
Afghanistan;;7849;7849;7850;7850;7850;7850;7850;7853;7854;7854;7854;7854;7854;7854;7854;7857;7859;7860;7864;7864;7864;7864;7870;7871;7872;7872;7875;7876;7876;7879;7882;7882;7891;7891;7894;7896;7896;7896;7896;7896;7896;7896;7896;7896;7896;7896;7896;7896;7896;7896;7896;7896;7896;7896;7896;7896;7896;7896;7896;7896;7896;7896;7896;7896;7896;7896;7896;7896;
Albania;;3595;3595;3596;3596;3596;3596;3596;3596;3596;3596;3596;3596;3596;3596;3596;3596;3596;3596;3596;3596;3596;3596;3596;3596;3596;3596;3596;3596;3596;3596;3596;3596;3596;3596;3596;3596;3596;3596;3596;3596;3596;3596;3596;3596;3596;3596;3596;3596;3596;3596;3596;3596;3598;3598;3598;3598;3598;3598;3598;3598;3598;3598;3598;3598;3598;3598;3598;3598;
Algeria;;6881;6881;6881;6881;6881;6881;6881;6881;6881;6881;6881;6881;6881;6881;6881;6881;6881;6881;6881;6881;6881;6881;6881;6881;6881;6881;6881;6881;6881;6881;6881;6881;6881;6881;6881;6881;6881;6881;6881;6881;6881;6881;6881;6881;6881;6881;6881;6881;6881;6881;6881;6881;6881;6881;6881;6881;6881;6881;6881;6881;6881;6881;6881;6881;6881;6881;6881;6881;
Andorra;;165;165;165;165;165;165;165;165;165;165;165;165;165;165;165;165;165;165;165;165;165;165;165;165;165;165;165;165;165;165;165;165;165;165;165;165;165;165;165;165;165;165;165;165;165;165;165;165;165;165;165;165;165;165;165;165;165;165;165;165;165;165;165;165;165;165;165;165;
Angola;;1930;1930;1930;1930;1930;1930;1930;1930;1930;1930;1930;1930;1930;1930;1930;1930;1930;1930;1930;1930;1930;1930;1930;1931;1931;1931;1931;1931;1931;1931;1931;1931;1931;1931;1931;1931;1931;1931;1931;1931;1931;1931;1931;1931;1931;1931;1931;1931;1931;1931;1931;1931;1931;1931;1931;1931;1931;1933;1933;1933;1933;1933;1933;1933;1933;1933;1933;1933;
Antarctica;;0;0;0;0;0;0;0;0;0;0;0;0;0;0;0;0;0;0;0;0;0;0;0;0;0;0;0;0;0;0;0;0;0;0;0;0;0;0;0;0;0;0;0;0;0;0;0;0;0;0;0;0;0;0;0;0;0;0;0;0;0;0;0;0;0;0;0;0;
Antigua and Barbuda;;146;146;146;146;146;146;146;146;146;146;146;146;146;146;146;146;146;146;146;146;146;146;146;146;146;146;146;146;146;146;146;146;146;146;146;146;146;146;146;146;146;146;146;146;146;146;146;146;146;146;146;146;146;146;146;146;146;146;146;146;146;146;146;146;146;146;146;146;
Argentina;;130124;130171;130171;130171;130171;130171;130171;130171;130249;130249;130249;130249;130249;130249;130249;130338;130338;130338;130338;130338;130338;130338;130394;130394;130394;130394;130394;130394;130394;130421;130421;130421;130421;130421;130421;130421;130437;130437;130437;130437;130437;130437;130437;130448;130448;130448;130448;130448;130448;130448;130458;130458;130458;130458;130458;130458;130458;130463;130463;130463;130463;130463;130463;130463;130472;130472;130472;130472;
Armenia;;8716;8716;8716;8716;8716;8716;8716;8716;8716;8716;8716;8716;8716;8716;8716;8717;8717;8717;8717;8717;8717;8717;8717;8717;8717;8717;8717;8717;8717;8717;8717;8717;8717;8717;8717;8717;8717;8717;8719;8719;8719;8719;8719;8719;8719;8719;8719;8719;8719;8719;8719;8719;8721;8721;8721;8721;8721;8721;8721;8721;8721;8721;8721;8721;8721;8721;8727;8727;
Australia;Australian Capital Territory;138;138;138;138;142;142;142;142;142;142;142;148;148;148;148;148;148;148;148;148;148;148;148;148;148;152;152;152;152;152;152;152;152;157;157;157;157;157;157;157;157;157;157;157;157;157;157;224;224;224;224;224;224;224;224;224;224;224;224;224;228;228;228;228;228;228;228;228;
Australia;New South Wales;5804;5804;5804;5804;5881;5881;5881;5881;5881;5881;5881;5993;5993;5993;5993;5993;5993;5993;6124;6124;6124;6124;6124;6124;6124;6218;6218;6218;6218;6218;6218;6218;6304;6304;6304;6304;6304;6304;6304;6366;6366;6366;6366;6366;6366;6366;6417;6417;6417;6417;6417;6417;6417;6464;6464;6464;6464;6464;6464;6464;6493;6493;6493;6493;6493;6493;6493;6529;
Australia;Northern Territory;84;84;84;84;87;87;87;87;87;87;87;87;87;87;87;87;87;87;87;87;87;87;87;87;87;87;87;87;87;87;87;87;87;87;87;87;87;87;87;87;87;87;87;87;87;87;90;90;90;90;90;90;90;90;90;90;90;90;90;90;90;90;90;90;90;90;90;91;
Australia;Queensland;2405;2405;2405;2405;2449;2449;2449;2449;2449;2449;2449;2526;2526;2526;2526;2526;2526;2526;2526;2574;2574;2574;2574;2574;2574;2643;2643;2643;2643;2643;2643;2643;2677;2677;2677;2677;2677;2677;2677;2710;2710;2710;2710;2710;2710;2710;2734;2734;2734;2734;2734;2734;2734;2760;2760;2760;2760;2760;2760;2760;2783;2783;2783;2783;2783;2783;2783;2783;
Australia;South Australia;1155;1155;1155;1155;1170;1170;1170;1170;1170;1170;1170;1203;1203;1203;1203;1203;1203;1203;1224;1224;1224;1224;1224;1224;1224;1235;1235;1235;1235;1235;1235;1235;1244;1244;1244;1244;1244;1244;1244;1333;1333;1333;1333;1333;1333;1333;1333;1322;1322;1322;1322;1322;1322;1322;1322;1322;1322;1322;1322;1322;1322;1322;1322;1322;1322;1322;1322;1365;
Australia;Tasmania;224;224;224;224;229;229;229;229;229;229;229;229;237;237;237;237;237;237;240;240;240;240;240;240;240;244;244;244;244;244;244;244;247;247;247;247;247;247;247;247;247;247;247;247;247;247;247;250;250;250;250;250;250;250;252;252;252;252;252;252;252;253;253;253;253;253;253;256;
Australia;Victoria;6405;6405;6435;6465;6490;6490;6490;6506;6535;6566;6597;6639;6638;6638;6638;6638;6638;6638;6794;6794;6794;6794;6794;6794;6794;7116;7116;7116;7116;7116;7116;7116;7186;7181;7181;7181;7181;7181;7181;7232;7232;7232;7232;7232;7232;7232;7286;7286;7286;7286;7286;7286;7286;7317;7317;7317;7317;7317;7317;7317;7338;7338;7338;7338;7338;7338;7338;7370;
Australia;Western Australia;837;837;837;837;837;856;856;856;856;856;856;856;880;880;880;880;880;880;880;901;901;901;901;901;901;901;920;920;920;920;920;920;931;931;931;931;931;931;931;931;938;938;938;938;938;938;938;942;942;942;942;942;942;944;944;944;944;944;944;944;952;952;952;952;952;952;952;952;
Austria;;21443;21444;21448;21466;21473;21482;21484;21487;21490;21517;21536;21546;21558;21564;21564;21565;21576;21589;21595;21609;21613;21626;21626;21640;21646;21649;21658;21661;21661;21662;21689;21696;21709;21736;21755;21755;21755;21765;21768;21773;21773;21781;21788;21789;21795;21796;21799;21807;21820;21820;21820;21825;21848;21853;21858;21872;21872;21872;21887;21891;21899;21907;21921;21922;21923;21941;21949;21970;
Azerbaijan;;10008;10008;10008;10008;10009;10013;10017;10020;10023;10027;10033;10037;10042;10045;10049;10050;10054;10060;10064;10067;10068;10068;10068;10075;10077;10077;10080;10081;10081;10081;10085;10087;10092;10094;10095;10096;10096;10096;10097;10097;10098;10098;10098;10099;10099;10099;10101;10102;10103;10103;10103;10105;10108;10111;10114;10116;10117;10117;10119;10119;10122;10126;10127;10129;10129;10135;10138;10138;
Bahamas;;833;833;833;833;833;833;833;833;833;833;833;833;833;833;833;833;833;833;833;833;833;833;833;833;833;833;833;833;833;833;833;833;833;833;833;833;833;833;833;833;833;833;833;833;833;833;833;833;833;833;833;833;833;833;833;833;833;833;833;833;833;833;833;833;833;833;833;833;
Bahrain;;1539;1539;1539;1539;1539;1539;1539;1539;1539;1539;1539;1539;1539;1540;1540;1540;1540;1540;1540;1541;1541;1541;1541;1541;1541;1541;1542;1542;1543;1543;1543;1544;1544;1544;1544;1544;1544;1544;1544;1544;1544;1544;1544;1544;1544;1544;1544;1544;1544;1548;1548;1548;1548;1548;1548;1548;1548;1548;1548;1549;1550;1552;1552;1552;1552;1553;1553;1553;
Bangladesh;;29440;29440;29440;29440;29440;29440;29440;29440;29440;29440;29441;29441;29441;29441;29441;29441;29441;29441;29441;29441;29441;29441;29441;29441;29441;29441;29441;29441;29441;29442;29442;29442;29442;29443;29443;29443;29443;29443;29444;29444;29444;29444;29444;29445;29445;29445;29445;29445;29445;29445;29445;29445;29445;29445;29445;29445;29445;29445;29445;29445;29445;29445;29445;29445;29445;29445;29445;29445;
Barbados;;568;568;568;568;568;568;568;568;569;569;569;569;569;569;569;569;569;569;569;569;569;569;569;571;571;571;571;571;571;571;571;571;571;571;571;571;571;573;573;573;573;573;573;573;573;573;573;573;573;573;573;575;575;575;575;575;575;575;575;575;575;575;575;575;575;575;575;579;
Belarus;;7118;7118;7118;7118;7118;7118;7118;7118;7118;7118;7118;7118;7118;7118;7118;7118;7118;7118;7118;7118;7118;7118;7118;7118;7118;7118;7118;7118;7118;7118;7118;7118;7118;7118;7118;7118;7118;7118;7118;7118;7118;7118;7118;7118;7118;7118;7118;7118;7118;7118;7118;7118;7118;7118;7118;7118;7118;7118;7118;7118;7118;7118;7118;7118;7118;7118;7118;7118;
Belgium;;33228;33228;33228;33228;33395;33395;33395;33395;33395;33395;33395;33478;33478;33478;33478;33478;33478;33478;33525;33525;33525;33525;33525;33525;33525;33557;33557;33557;33557;33557;33557;33557;33582;33582;33582;33582;33582;33582;33582;33616;33616;33616;33616;33616;33616;33616;33616;33663;33663;33663;33663;33663;33663;33717;33717;33717;33717;33717;33717;33717;33775;33775;33775;33775;33775;33775;33775;33814;
Belize;;688;688;688;688;688;688;688;688;688;688;688;688;688;688;688;688;688;688;688;688;688;688;688;688;688;688;688;688;688;688;688;688;688;688;688;688;688;688;688;688;688;688;688;688;688;688;688;688;688;688;688;688;688;688;688;688;688;688;688;688;688;688;688;688;688;688;688;688;
Benin;;163;163;163;163;163;163;163;163;163;163;163;163;163;163;163;163;163;163;163;163;163;163;163;163;163;163;163;163;163;163;163;163;163;163;163;163;163;163;163;163;163;163;163;163;163;163;163;163;163;163;163;163;163;163;163;163;163;163;163;163;163;163;163;163;163;163;163;163;
Bhutan;;21;21;21;21;21;21;21;21;21;21;21;21;21;21;21;21;21;21;21;21;21;21;21;21;21;21;21;21;21;21;21;21;21;21;21;21;21;21;21;21;21;21;21;21;21;21;21;21;21;21;21;21;21;21;21;21;21;21;21;21;21;21;21;21;21;21;21;21;
Bolivia;;22305;22305;22310;22313;22315;22315;22315;22320;22320;22324;22324;22326;22329;22329;22333;22337;22337;22337;22340;22340;22342;22342;22342;22343;22343;22343;22345;22345;22345;22345;22346;22349;22349;22350;22353;22353;22354;22354;22354;22354;22354;22354;22355;22355;22355;22356;22358;22359;22359;22359;22362;22362;22362;22363;22363;22364;22365;22365;22365;22365;22365;22365;22365;22365;22365;22365;22365;22365;
Bosnia and Herzegovina;;16227;16227;16229;16230;16234;16234;16234;16234;16235;16239;16239;16241;16241;16241;16241;16243;16243;16244;16247;16248;16248;16248;16248;16248;16250;16250;16250;16253;16253;16254;16255;16257;16258;16259;16259;16259;16259;16260;16260;16261;16261;16261;16261;16261;16265;16266;16267;16267;16267;16267;16267;16267;16278;16278;16278;16278;16278;16278;16278;16279;16279;16279;16279;16279;16279;16279;16280;16280;
Botswana;;2794;2794;2876;2876;2794;2794;2794;2794;2795;2795;2795;2795;2795;2795;2795;2795;2795;2795;2795;2795;2795;2795;2795;2798;2798;2798;2798;2798;2798;2800;2800;2800;2800;2800;2800;2800;2801;2801;2801;2801;2801;2801;2801;2801;2801;2801;2801;2801;2801;2801;2801;2801;2801;2801;2801;2801;2801;2801;2801;2801;2801;2801;2801;2801;2801;2801;2801;2801;
Brazil;;693853;693981;693981;694411;694411;694779;694779;694779;694779;694985;695088;695236;695317;695341;695343;695410;695524;695615;695615;696188;696254;696257;696324;696485;696603;696603;696742;696742;696759;696892;697074;697200;697200;697353;697365;697365;697439;697533;697626;697663;697620;697662;697674;697762;697762;697904;698018;698018;698050;698050;698050;698050;698382;698834;698928;698928;698928;699006;699087;699197;699197;699276;699276;699276;699276;699276;699276;699276;
Brunei;;225;225;225;225;225;225;225;225;225;225;225;225;225;225;225;225;225;225;225;225;225;225;225;225;225;225;225;225;225;225;225;225;225;225;225;225;225;225;225;225;225;225;225;225;225;225;225;225;225;225;225;225;225;225;225;225;225;225;225;225;225;225;225;225;225;225;225;225;
Bulgaria;;38108;38108;38113;38116;38116;38122;38122;38122;38127;38130;38135;38136;38138;38138;38139;38146;38150;38154;38157;38160;38160;38163;38167;38169;38170;38172;38174;38174;38174;38179;38179;38182;38183;38184;38184;38184;38187;38190;38191;38193;38193;38194;38194;38195;38198;38200;38201;38202;38204;38204;38206;38207;38208;38210;38210;38211;38211;38216;38217;38217;38217;38219;38219;38219;38219;38222;38225;38228;
Burkina Faso;;395;395;395;395;395;395;395;395;395;395;396;396;396;396;396;396;396;396;396;396;396;396;396;396;396;396;396;396;396;396;396;396;396;396;396;396;396;396;396;396;396;396;396;396;396;396;396;396;396;396;396;396;396;396;396;396;396;396;396;396;396;396;396;396;396;396;396;396;
Burma;;19490;19490;19490;19490;19490;19490;19490;19490;19490;19490;19490;19490;19490;19490;19490;19490;19490;19490;19490;19490;19490;19490;19490;19490;19490;19490;19490;19490;19490;19490;19490;19490;19490;19490;19490;19490;19490;19490;19490;19490;19490;19490;19490;19490;19490;19490;19490;19490;19490;19490;19490;19490;19490;19490;19490;19490;19490;19490;19490;19490;19490;19490;19490;19490;19490;19490;19490;19490;
Burundi;;38;38;38;38;38;38;38;38;38;38;38;38;38;38;38;38;38;38;38;38;38;38;38;38;38;38;38;38;38;38;38;38;38;38;38;38;38;38;38;38;38;38;38;38;38;38;38;38;38;38;38;38;38;38;38;38;38;38;38;38;38;38;38;38;38;38;38;38;
Cabo Verde;;412;412;412;412;412;412;412;412;412;412;412;412;412;412;412;412;412;412;412;412;412;412;412;412;412;413;413;413;413;413;413;413;413;413;413;413;413;413;413;413;413;413;413;413;413;413;413;413;413;413;413;413;413;413;413;413;413;413;413;413;413;413;413;413;413;413;413;413;
Cambodia;;3056;3056;3056;3056;3056;3056;3056;3056;3056;3056;3056;3056;3056;3056;3056;3056;3056;3056;3056;3056;3056;3056;3056;3056;3056;3056;3056;3056;3056;3056;3056;3056;3056;3056;3056;3056;3056;3056;3056;3056;3056;3056;3056;3056;3056;3056;3056;3056;3056;3056;3056;3056;3056;3056;3056;3056;3056;3056;3056;3056;3056;3056;3056;3056;3056;3056;3056;3056;
Cameroon;;1965;1965;1965;1965;1965;1965;1965;1965;1965;1965;1965;1965;1965;1965;1965;1965;1965;1965;1965;1965;1965;1965;1965;1965;1965;1965;1965;1965;1965;1965;1965;1965;1965;1965;1965;1965;1965;1965;1965;1965;1965;1965;1965;1965;1965;1965;1965;1965;1965;1965;1965;1965;1965;1965;1965;1965;1965;1965;1965;1965;1965;1965;1965;1965;1965;1965;1965;1965;
Canada;Alberta;5351;5351;5351;5351;5351;5415;5415;5415;5415;5415;5443;5443;5443;5443;5443;5443;5443;5470;5470;5470;5470;5470;5470;5470;5468;5468;5468;5468;5468;5465;5465;5486;5486;5486;5486;5486;5486;5486;5510;5510;5510;5510;5510;5510;5510;5536;5536;5536;5536;5536;5536;5536;5556;5556;5556;5556;5556;5556;5556;5602;5602;5602;5602;5602;5602;5602;5622;5622;
Canada;British Columbia;4806;4806;4806;4806;4896;4896;4896;4896;4896;4896;4896;4961;4961;4961;4961;4961;4961;4961;5007;5007;5007;5007;5007;5007;5007;5061;5061;5061;5061;5061;5061;5061;5106;5106;5106;5106;5106;5106;5106;5139;5139;5139;5139;5139;5139;5139;5157;5157;5157;5157;5157;5157;5157;5192;5192;5192;5192;5192;5192;5192;5218;5218;5218;5218;5218;5218;5218;5249;
Canada;Diamond Princess;1;1;1;1;1;1;1;1;1;1;1;1;1;1;1;1;1;1;1;1;1;1;1;1;1;1;1;1;1;1;1;1;1;1;1;1;1;1;1;1;1;1;1;1;1;1;1;1;1;1;1;1;1;1;1;1;1;1;1;1;1;1;1;1;1;1;1;1;
Canada;Grand Princess;0;0;0;0;0;0;0;0;0;0;0;0;0;0;0;0;0;0;0;0;0;0;0;0;0;0;0;0;0;0;0;0;0;0;0;0;0;0;0;0;0;0;0;0;0;0;0;0;0;0;0;0;0;0;0;0;0;0;0;0;0;0;0;0;0;0;0;0;
Canada;Manitoba;2331;2331;2331;2331;2331;2331;2331;2331;2369;2369;2369;2369;2369;2369;2369;2394;2394;2394;2394;2394;2394;2394;2403;2403;2403;2403;2403;2403;2403;2418;2418;2418;2418;2418;2418;2418;2428;2428;2428;2428;2428;2428;2428;2439;2439;2439;2439;2439;2439;2439;2456;2456;2456;2456;2456;2456;2456;2460;2460;2460;2460;2460;2460;2460;2464;2464;2464;2464;
Canada;New Brunswick;635;635;635;635;635;635;635;635;740;740;740;740;740;740;740;749;749;749;749;749;749;749;762;762;762;762;762;762;762;773;773;773;773;773;773;773;781;781;781;781;781;781;781;812;812;812;812;812;812;812;822;822;822;822;822;822;822;825;825;825;825;825;825;825;834;834;834;834;
Canada;Newfoundland and Labrador;288;288;288;288;288;288;288;288;295;295;295;295;295;295;295;295;295;295;295;295;295;295;296;296;296;296;296;296;296;296;296;296;296;296;296;296;304;304;304;304;304;304;304;304;304;304;304;304;304;304;311;311;311;311;311;311;311;311;311;311;311;311;311;311;318;318;318;318;
Canada;Northwest Territories;22;22;22;22;22;22;22;22;22;22;22;22;22;22;22;22;22;22;22;22;22;22;22;22;22;22;22;22;22;22;22;22;22;22;22;22;22;22;22;22;22;22;22;22;22;22;22;22;22;22;22;22;22;22;22;22;22;22;22;22;22;22;22;22;22;22;22;22;
Canada;Nova Scotia;674;674;674;674;674;674;674;674;689;689;689;689;689;689;689;699;699;699;699;699;699;699;705;705;705;705;705;705;705;715;715;715;715;715;715;715;724;724;724;724;724;724;724;746;746;746;746;746;746;746;771;771;771;771;771;771;771;786;786;786;786;786;786;786;794;794;794;794;
Canada;Nunavut;7;7;7;7;7;7;7;7;7;7;7;7;7;7;7;7;7;7;7;7;7;7;7;7;7;7;7;7;7;7;7;7;7;7;7;7;7;7;7;7;7;7;7;7;7;7;7;7;7;7;7;7;7;7;7;7;7;7;7;7;7;7;7;7;7;7;7;7;
Canada;Ontario;15538;15538;15538;15538;15628;15633;15633;15633;15633;15643;15643;15717;15717;15717;15717;15717;15717;15717;15817;15822;15822;15822;15822;15826;15826;15888;15899;15899;15899;15899;15903;15903;15952;15963;15963;15963;15963;15967;15967;16006;16006;16006;16006;16006;16006;16006;16064;16066;16066;16066;16066;16066;16066;16130;16134;16134;16134;16134;16138;16138;16184;16186;16186;16186;16186;16186;16186;16234;
Canada;Prince Edward Island;82;82;82;82;82;82;82;82;82;83;83;83;83;83;83;83;85;85;85;85;85;85;85;85;85;85;85;85;85;85;88;88;88;88;88;88;88;90;90;90;90;90;90;90;92;92;92;92;92;92;92;92;92;92;92;92;92;92;92;92;92;92;92;92;92;93;93;93;
Canada;Quebec;17692;17692;17694;17700;17714;17728;17745;17746;17750;17768;17774;17789;17801;17810;17810;17811;17827;17831;17846;17854;17865;17865;17865;17885;17904;17923;17936;17940;17940;17941;17954;17962;17967;17971;17971;17971;17971;17993;17997;18002;18015;18017;18017;18021;18030;18037;18049;18053;18062;18062;18063;18073;18078;18084;18090;18097;18097;18097;18101;18105;18114;18124;18131;18131;18132;18144;18153;18160;
Canada;Repatriated Travellers;0;0;0;0;0;0;0;0;0;0;0;0;0;0;0;0;0;0;0;0;0;0;0;0;0;0;0;0;0;0;0;0;0;0;0;0;0;0;0;0;0;0;0;0;0;0;0;0;0;0;0;0;0;0;0;0;0;0;0;0;0;0;0;0;0;0;0;0;
Canada;Saskatchewan;1781;1781;1781;1781;1781;1781;1781;1781;1800;1800;1800;1800;1800;1800;1800;1800;1800;1800;1800;1800;1800;1800;1826;1826;1826;1826;1826;1826;1826;1826;1826;1826;1826;1826;1826;1826;1858;1858;1858;1858;1858;1858;1858;1858;1858;1858;1858;1858;1858;1858;1882;1882;1882;1882;1882;1882;1882;1882;1882;1882;1882;1882;1882;1882;1890;1890;1890;1890;
Canada;Yukon;32;32;32;32;32;32;32;32;32;32;32;32;32;32;32;32;32;32;32;32;32;32;32;32;32;32;32;32;32;32;32;32;32;32;32;32;32;32;32;32;32;32;32;32;32;32;32;32;32;32;32;32;32;32;32;32;32;32;32;32;32;32;32;32;32;32;32;32;
Central African Republic;;113;113;113;113;113;113;113;113;113;113;113;113;113;113;113;113;113;113;113;113;113;113;113;113;113;113;113;113;113;113;113;113;113;113;113;113;113;113;113;113;113;113;113;113;113;113;113;113;113;113;113;113;113;113;113;113;113;113;113;113;113;113;113;113;113;113;113;113;
Chad;;194;194;194;194;194;194;194;194;194;194;194;194;194;194;194;194;194;194;194;194;194;194;194;194;194;194;194;194;194;194;194;194;194;194;194;194;194;194;194;194;194;194;194;194;194;194;194;194;194;194;194;194;194;194;194;194;194;194;194;194;194;194;194;194;194;194;194;194;
Chile;;63200;63200;63200;63243;63254;63300;63330;63357;63373;63381;63386;63437;63466;63496;63509;63541;63548;63557;63599;63616;63640;63667;63683;63689;63692;63730;63745;63764;63791;63806;63812;63816;63850;63859;63875;63895;63910;63914;63919;63941;63965;63985;63998;64013;64015;64022;64040;64053;64067;64085;64102;64106;64109;64128;64145;64158;64166;64174;64175;64177;64197;64210;64222;64230;64247;64250;64254;64273;
China;Anhui;7;7;7;7;7;7;7;7;7;7;7;7;7;7;7;7;7;7;7;7;7;7;7;7;7;7;7;7;7;7;7;7;7;7;7;7;7;7;7;7;7;7;7;7;7;7;7;7;7;7;7;7;7;7;7;7;7;7;7;7;7;7;7;7;7;7;7;7;
China;Beijing;20;20;20;20;20;20;20;20;20;20;20;20;20;20;20;20;20;20;20;20;20;20;20;20;20;20;20;20;20;20;20;20;20;20;20;20;20;20;20;20;20;20;20;20;20;20;20;20;20;20;20;20;20;20;20;20;20;20;20;20;20;20;20;20;20;20;20;20;
China;Chongqing;9;9;9;9;10;11;11;11;11;11;11;11;11;11;11;11;11;11;11;11;11;11;11;11;11;11;11;11;11;11;11;11;11;11;11;11;11;11;11;11;11;11;11;11;11;11;11;11;11;11;11;11;11;11;11;11;11;11;11;11;11;11;11;11;11;11;11;11;
China;Fujian;2;2;2;2;2;2;2;2;2;2;2;2;2;2;2;2;2;2;2;2;2;2;2;2;2;2;2;2;2;2;2;2;2;2;2;2;2;2;2;2;2;2;2;2;2;2;2;2;2;2;2;2;2;2;2;2;2;2;2;2;2;2;2;2;2;2;2;2;
China;Gansu;2;2;2;2;2;2;2;2;2;2;2;2;2;2;2;2;2;2;2;2;2;2;2;2;2;2;2;2;2;2;2;2;2;2;2;2;2;2;2;2;2;2;2;2;2;2;2;2;2;2;2;2;2;2;2;2;2;2;2;2;2;2;2;2;2;2;2;2;
China;Guangdong;8;8;9;9;9;9;10;10;10;10;10;10;10;10;10;10;10;10;10;10;10;10;10;10;10;10;10;10;10;10;10;10;10;10;10;10;10;10;10;10;10;10;10;10;10;10;10;10;10;10;10;10;10;10;10;10;10;10;10;10;10;10;10;10;10;10;10;10;
China;Guangxi;2;2;2;2;2;2;2;2;2;2;2;2;2;2;2;2;2;2;2;2;2;2;2;2;2;2;2;2;2;2;2;2;2;2;2;2;2;2;2;2;2;2;2;2;2;2;2;2;2;2;2;2;2;2;2;2;2;2;2;2;2;2;2;2;2;2;2;2;
China;Guizhou;2;2;2;2;2;2;2;2;2;2;2;2;2;2;2;2;2;2;2;2;2;2;2;2;2;2;2;2;2;2;2;2;2;2;2;2;2;2;2;2;2;2;2;2;2;2;2;2;2;2;2;2;2;2;2;2;2;2;2;2;2;2;2;2;2;2;2;2;
China;Hainan;6;6;6;6;6;6;6;6;6;6;6;6;6;6;6;6;6;6;6;6;6;6;6;6;6;6;6;6;6;6;6;6;6;6;6;6;6;6;6;6;6;6;6;6;6;6;6;6;6;6;6;6;6;6;6;6;6;6;6;6;6;6;6;6;6;6;6;6;
China;Hebei;7;7;7;7;7;7;7;7;7;7;7;7;7;7;7;7;7;7;7;7;7;7;7;7;7;7;7;7;7;7;7;7;7;7;7;7;7;7;7;7;7;7;7;7;7;7;7;7;7;7;7;7;7;7;7;7;7;7;7;7;7;7;7;7;7;7;7;7;
China;Heilongjiang;13;14;15;15;16;16;16;18;18;18;18;18;18;18;18;18;18;18;18;18;18;18;18;18;18;18;18;18;18;18;18;18;18;18;18;18;18;18;18;18;18;18;18;18;18;18;18;18;18;18;18;18;18;18;18;18;18;18;18;18;18;18;18;18;18;18;18;18;
China;Henan;23;23;23;23;23;23;23;23;23;23;23;23;23;23;23;23;23;23;23;23;23;23;23;23;23;23;23;23;23;23;23;23;23;23;23;23;23;23;23;23;23;23;23;23;23;23;23;23;23;23;23;23;23;23;23;23;23;23;23;23;23;23;23;23;23;23;23;23;
China;Hong Kong;11869;11943;12018;12081;12149;12204;12276;12342;12406;12481;12548;12622;12693;12747;12813;12863;12909;12965;13010;13052;13081;13118;13167;13203;13230;13258;13280;13313;13333;13338;13353;13358;13370;13374;13381;13388;13393;13401;13403;13409;13414;13418;13420;13424;13427;13431;13433;13435;13440;13442;13445;13447;13447;13447;13449;13451;13453;13453;13459;13462;13462;13463;13464;13465;13466;13466;13466;13467;
China;Hubei;4512;4512;4513;4513;4513;4515;4515;4515;4515;4515;4515;4515;4515;4515;4515;4515;4515;4515;4515;4515;4515;4515;4515;4515;4515;4515;4515;4515;4515;4515;4515;4515;4515;4515;4515;4515;4515;4515;4515;4515;4515;4515;4515;4515;4515;4515;4515;4515;4515;4515;4515;4515;4515;4515;4515;4515;4515;4515;4515;4515;4515;4515;4515;4515;4515;4515;4515;4515;
China;Hunan;4;4;4;4;4;4;4;4;4;4;4;4;4;4;4;4;4;4;4;4;4;4;4;4;4;4;4;4;4;4;4;4;4;4;4;4;4;4;4;4;4;4;4;4;4;4;4;4;4;4;4;4;4;4;4;4;4;4;4;4;4;4;4;4;4;4;4;4;
China;Inner Mongolia;1;1;1;1;1;1;1;1;1;1;1;1;1;1;1;1;1;1;1;1;1;1;1;1;1;1;1;1;1;1;1;1;1;1;1;1;1;1;1;1;1;1;1;1;1;1;1;1;1;1;1;1;1;1;1;1;1;1;1;1;1;1;1;1;1;1;1;1;
China;Jiangsu;0;0;0;0;0;0;0;0;0;0;0;0;0;0;0;0;0;0;0;0;0;0;0;0;0;0;0;0;0;0;0;0;0;0;0;0;0;0;0;0;0;0;0;0;0;0;0;0;0;0;0;0;0;0;0;0;0;0;0;0;0;0;0;0;0;0;0;0;
China;Jiangxi;1;1;1;1;2;2;2;2;2;2;2;2;2;2;2;2;2;2;2;2;2;2;2;2;2;2;2;2;2;2;2;2;2;2;2;2;2;2;2;2;2;2;2;2;2;2;2;2;2;2;2;2;2;2;2;2;2;2;2;2;2;2;2;2;2;2;2;2;
China;Jilin;5;5;5;5;5;5;5;5;5;5;5;5;5;5;5;5;5;5;5;5;5;5;5;5;5;5;5;5;5;5;5;5;5;5;5;5;5;5;5;5;5;5;5;5;5;5;5;5;5;5;5;5;5;5;5;5;5;5;5;5;5;5;5;5;5;5;5;5;
China;Liaoning;2;2;2;2;2;2;2;2;2;2;2;2;2;2;2;2;2;2;2;2;2;2;2;2;2;2;2;2;2;2;2;2;2;2;2;2;2;2;2;2;2;2;2;2;2;2;2;2;2;2;2;2;2;2;2;2;2;2;2;2;2;2;2;2;2;2;2;2;
China;Macau;47;52;56;61;63;72;78;83;83;83;83;106;106;106;106;106;113;114;116;116;116;117;118;118;118;120;120;120;120;120;120;120;120;121;121;121;121;121;121;121;121;121;121;121;121;121;121;121;121;121;121;121;121;121;121;121;121;121;121;121;121;121;121;121;121;121;121;121;
China;Ningxia;0;0;0;0;0;0;0;0;0;0;0;0;0;0;0;0;0;0;0;0;0;0;0;0;0;0;0;0;0;0;0;0;0;0;0;0;0;0;0;0;0;0;0;0;0;0;0;0;0;0;0;0;0;0;0;0;0;0;0;0;0;0;0;0;0;0;0;0;
China;Qinghai;0;0;0;0;0;0;0;0;0;0;0;0;0;0;0;0;0;0;0;0;0;0;0;0;0;0;0;0;0;0;0;0;0;0;0;0;0;0;0;0;0;0;0;0;0;0;0;0;0;0;0;0;0;0;0;0;0;0;0;0;0;0;0;0;0;0;0;0;
China;Shaanxi;5;5;5;5;5;5;5;5;5;5;5;5;5;5;5;5;5;5;5;5;5;5;5;5;5;5;5;5;5;5;5;5;5;5;5;5;5;5;5;5;5;5;5;5;5;5;5;5;5;5;5;5;5;5;5;5;5;5;5;5;5;5;5;5;5;5;5;5;
China;Shandong;8;8;9;9;10;10;10;10;10;10;10;10;10;10;10;10;10;10;10;10;10;10;10;10;10;10;10;10;10;10;10;10;10;10;10;10;10;10;10;10;10;10;10;10;10;10;10;10;10;10;10;10;10;10;10;10;10;10;10;10;10;10;10;10;10;10;10;10;
China;Shanghai;595;595;595;595;595;595;595;595;595;595;595;595;595;595;595;595;595;595;595;595;595;595;595;595;595;595;595;595;595;595;595;595;595;595;595;595;595;595;595;595;595;595;595;595;595;595;595;595;595;595;595;595;595;595;595;595;595;595;595;595;595;595;595;595;595;595;595;595;
China;Shanxi;0;0;0;1;1;1;1;1;1;1;1;1;1;1;1;1;1;1;1;1;1;1;1;1;1;1;1;1;1;1;1;1;1;1;1;1;1;1;1;1;1;1;1;1;1;1;1;1;1;1;1;1;1;1;1;1;1;1;1;1;1;1;1;1;1;1;1;1;
China;Sichuan;8;10;11;11;12;12;12;12;12;12;12;12;12;12;12;12;12;12;12;12;12;12;12;12;12;12;12;12;12;12;12;12;12;12;12;12;12;12;12;12;12;12;12;12;12;12;12;12;12;12;12;12;12;12;12;12;12;12;12;12;12;12;12;12;12;12;12;12;
China;Tianjin;3;3;3;3;3;3;3;3;3;3;3;3;3;3;3;3;3;3;3;3;3;3;3;3;3;3;3;3;3;3;3;3;3;3;3;3;3;3;3;3;3;3;3;3;3;3;3;3;3;3;3;3;3;3;3;3;3;3;3;3;3;3;3;3;3;3;3;3;
China;Tibet;0;0;0;0;0;0;0;0;0;0;0;0;0;0;0;0;0;0;0;0;0;0;0;0;0;0;0;0;0;0;0;0;0;0;0;0;0;0;0;0;0;0;0;0;0;0;0;0;0;0;0;0;0;0;0;0;0;0;0;0;0;0;0;0;0;0;0;0;
China;Unknown;0;0;0;0;0;0;0;0;0;0;0;0;0;0;59895;59895;59895;59895;59895;59895;72553;72553;72553;72553;72553;72553;72553;78917;78917;78917;78917;78917;78917;78917;82195;82195;82195;82195;82195;82195;82195;82195;82195;82195;82195;82195;82195;82195;82195;82195;82195;82195;82195;82195;82195;82195;82195;82195;82195;82195;82195;82195;82195;82195;82195;82195;82195;82195;
China;Xinjiang;3;3;3;3;3;3;3;3;3;3;3;3;3;3;3;3;3;3;3;3;3;3;3;3;3;3;3;3;3;3;3;3;3;3;3;3;3;3;3;3;3;3;3;3;3;3;3;3;3;3;3;3;3;3;3;3;3;3;3;3;3;3;3;3;3;3;3;3;
China;Yunnan;2;2;2;2;2;2;3;4;4;4;4;4;4;4;4;4;4;4;4;4;4;4;4;4;4;4;4;4;4;4;4;4;4;4;4;4;4;4;4;4;4;4;4;4;4;4;4;4;4;4;4;4;4;4;4;4;4;4;4;4;4;4;4;4;4;4;4;4;
China;Zhejiang;1;1;1;1;1;1;1;1;1;1;1;1;1;1;1;1;1;1;1;1;1;1;1;1;1;1;1;1;1;1;1;1;1;1;1;1;1;1;1;1;1;1;1;1;1;1;1;1;1;1;1;1;1;1;1;1;1;1;1;1;1;1;1;1;1;1;1;1;
Colombia;;141881;141881;141881;141881;141959;141959;141959;141959;141959;141959;141959;141959;141959;141959;141959;141959;141959;142085;142085;142085;142085;142085;142085;142085;142085;142186;142186;142186;142186;142186;142186;142244;142244;142244;142244;142244;142244;142244;142276;142276;142276;142276;142276;142276;142276;142296;142296;142296;142296;142296;142296;142296;142296;142296;142315;142315;142315;142315;142315;142329;142329;142329;142329;142329;142329;142329;142339;142339;
Comoros;;161;161;161;161;161;161;161;161;161;161;161;161;161;161;161;161;161;161;161;161;161;161;161;161;161;161;161;161;161;161;161;161;161;161;161;161;161;161;161;161;161;161;161;161;161;161;161;161;161;161;161;161;161;161;161;161;161;161;161;161;161;161;161;161;161;161;161;161;
Congo (Brazzaville);;386;386;386;386;386;386;386;386;386;386;386;386;386;386;386;386;386;386;386;386;386;386;388;388;388;388;388;388;388;388;388;388;388;388;388;388;388;388;388;388;388;388;388;388;388;388;388;388;388;388;388;388;388;388;388;388;388;388;388;388;388;388;388;388;388;388;388;388;
Congo (Kinshasa);;1462;1462;1462;1462;1462;1462;1462;1462;1462;1462;1462;1462;1462;1462;1462;1463;1463;1463;1463;1463;1463;1463;1463;1463;1463;1463;1463;1463;1463;1463;1463;1463;1463;1463;1463;1463;1463;1463;1463;1463;1463;1463;1463;1464;1464;1464;1464;1464;1464;1464;1464;1464;1464;1464;1464;1464;1464;1464;1464;1464;1464;1464;1464;1464;1464;1464;1464;1464;
Costa Rica;;9072;9072;9085;9085;9085;9104;9104;9104;9104;9104;9104;9104;9104;9104;9104;9104;9104;9123;9123;9123;9123;9123;9123;9142;9142;9142;9142;9142;9142;9142;9158;9158;9158;9158;9158;9158;9158;9181;9181;9181;9181;9181;9181;9181;9195;9195;9195;9195;9195;9195;9195;9195;9214;9214;9214;9214;9214;9214;9214;9230;9230;9230;9230;9230;9230;9230;9245;9245;
Cote d'Ivoire;;831;831;831;832;832;833;833;833;833;833;833;833;833;833;833;833;833;833;833;833;833;833;833;833;833;833;833;833;833;833;833;833;833;833;833;833;833;833;833;833;833;834;834;834;834;834;834;834;834;834;834;834;834;834;834;834;834;834;834;834;834;834;834;834;834;834;834;834;
Croatia;;17607;17623;17638;17646;17652;17660;17669;17682;17706;17719;17729;17742;17752;17759;17765;17775;17782;17790;17801;17807;17809;17815;17828;17838;17843;17847;17855;17858;17863;17871;17877;17883;17886;17888;17891;17895;17899;17902;17906;17911;17916;17921;17923;17928;17932;17933;17937;17940;17942;17945;17950;17950;17950;17950;17950;17950;17950;17971;17971;17971;17971;17971;17971;17971;17987;17987;17987;17987;
Cuba;;8530;8530;8530;8530;8530;8530;8530;8530;8530;8530;8530;8530;8530;8530;8530;8530;8530;8530;8530;8530;8530;8530;8530;8530;8530;8530;8530;8530;8530;8530;8530;8530;8530;8530;8530;8530;8530;8530;8530;8530;8530;8530;8530;8530;8530;8530;8530;8530;8530;8530;8530;8530;8530;8530;8530;8530;8530;8530;8530;8530;8530;8530;8530;8530;8530;8530;8530;8530;
Cyprus;;1258;1258;1258;1258;1258;1262;1262;1262;1262;1262;1262;1262;1270;1270;1270;1270;1270;1270;1270;1280;1280;1280;1280;1280;1280;1280;1287;1287;1287;1287;1287;1287;1287;1291;1291;1291;1291;1291;1291;1291;1293;1293;1293;1293;1293;1293;1293;1297;1297;1297;1297;1297;1297;1297;1305;1305;1305;1305;1305;1305;1305;1330;1330;1330;1330;1330;1330;1330;
Czechia;;42134;42140;42158;42168;42178;42186;42196;42200;42205;42220;42229;42235;42242;42253;42254;42258;42264;42266;42269;42275;42280;42280;42283;42287;42293;42296;42301;42302;42303;42304;42307;42312;42319;42323;42325;42326;42327;42329;42334;42338;42344;42346;42348;42348;42358;42361;42368;42369;42373;42375;42380;42391;42397;42404;42412;42422;42424;42426;42436;42436;42446;42457;42464;42465;42470;42484;42488;42491;
Denmark;Faroe Islands;28;28;28;28;28;28;28;28;28;28;28;28;28;28;28;28;28;28;28;28;28;28;28;28;28;28;28;28;28;28;28;28;28;28;28;28;28;28;28;28;28;28;28;28;28;28;28;28;28;28;28;28;28;28;28;28;28;28;28;28;28;28;28;28;28;28;28;28;
Denmark;Greenland;21;21;21;21;21;21;21;21;21;21;21;21;21;21;21;21;21;21;21;21;21;21;21;21;21;21;21;21;21;21;21;21;21;21;21;21;21;21;21;21;21;21;21;21;21;21;21;21;21;21;21;21;21;21;21;21;21;21;21;21;21;21;21;21;21;21;21;21;
Denmark;;7758;7758;7848;7864;7876;7889;7889;7889;7931;7941;7960;7971;7982;7982;7982;7982;8032;8039;8053;8072;8072;8072;8092;8103;8108;8114;8120;8120;8120;8138;8145;8150;8150;8165;8165;8165;8180;8186;8188;8189;8191;8191;8191;8206;8209;8214;8221;8228;8228;8228;8237;8237;8239;8240;8244;8244;8244;8255;8265;8269;8272;8274;8274;8274;8284;8285;8292;8296;
Diamond Princess;;13;13;13;13;13;13;13;13;13;13;13;13;13;13;13;13;13;13;13;13;13;13;13;13;13;13;13;13;13;13;13;13;13;13;13;13;13;13;13;13;13;13;13;13;13;13;13;13;13;13;13;13;13;13;13;13;13;13;13;13;13;13;13;13;13;13;13;13;
Djibouti;;189;189;189;189;189;189;189;189;189;189;189;189;189;189;189;189;189;189;189;189;189;189;189;189;189;189;189;189;189;189;189;189;189;189;189;189;189;189;189;189;189;189;189;189;189;189;189;189;189;189;189;189;189;189;189;189;189;189;189;189;189;189;189;189;189;189;189;189;
Dominica;;74;74;74;74;74;74;74;74;74;74;74;74;74;74;74;74;74;74;74;74;74;74;74;74;74;74;74;74;74;74;74;74;74;74;74;74;74;74;74;74;74;74;74;74;74;74;74;74;74;74;74;74;74;74;74;74;74;74;74;74;74;74;74;74;74;74;74;74;
Dominican Republic;;4384;4384;4384;4384;4384;4384;4384;4384;4384;4384;4384;4384;4384;4384;4384;4384;4384;4384;4384;4384;4384;4384;4384;4384;4384;4384;4384;4384;4384;4384;4384;4384;4384;4384;4384;4384;4384;4384;4384;4384;4384;4384;4384;4384;4384;4384;4384;4384;4384;4384;4384;4384;4384;4384;4384;4384;4384;4384;4384;4384;4384;4384;4384;4384;4384;4384;4384;4384;
Ecuador;;35940;35940;35940;35940;35940;35940;35940;35940;35940;35940;35940;35940;35940;35940;35940;35940;35940;35940;35940;35940;35940;35940;35940;35942;35942;35942;35942;35942;35942;35942;35942;35942;35942;35942;35942;35942;35942;35965;35965;35965;35965;35965;35965;35965;36008;36008;36008;36008;36008;36008;36008;36008;36008;36008;36008;36008;36008;36008;36008;36014;36014;36014;36014;36014;36014;36014;36014;36014;
Egypt;;24801;24801;24802;24802;24802;24802;24802;24802;24802;24803;24803;24803;24803;24803;24803;24803;24805;24805;24805;24805;24805;24805;24805;24805;24805;24805;24805;24805;24805;24805;24805;24805;24806;24806;24806;24806;24806;24806;24807;24807;24807;24807;24807;24809;24809;24809;24809;24809;24809;24809;24809;24809;24809;24809;24809;24809;24809;24809;24809;24809;24809;24809;24809;24809;24809;24809;24812;24812;
El Salvador;;4230;4230;4230;4230;4230;4230;4230;4230;4230;4230;4230;4230;4230;4230;4230;4230;4230;4230;4230;4230;4230;4230;4230;4230;4230;4230;4230;4230;4230;4230;4230;4230;4230;4230;4230;4230;4230;4230;4230;4230;4230;4230;4230;4230;4230;4230;4230;4230;4230;4230;4230;4230;4230;4230;4230;4230;4230;4230;4230;4230;4230;4230;4230;4230;4230;4230;4230;4230;
Equatorial Guinea;;183;183;183;183;183;183;183;183;183;183;183;183;183;183;183;183;183;183;183;183;183;183;183;183;183;183;183;183;183;183;183;183;183;183;183;183;183;183;183;183;183;183;183;183;183;183;183;183;183;183;183;183;183;183;183;183;183;183;183;183;183;183;183;183;183;183;183;183;
Eritrea;;103;103;103;103;103;103;103;103;103;103;103;103;103;103;103;103;103;103;103;103;103;103;103;103;103;103;103;103;103;103;103;103;103;103;103;103;103;103;103;103;103;103;103;103;103;103;103;103;103;103;103;103;103;103;103;103;103;103;103;103;103;103;103;103;103;103;103;103;
Estonia;;2854;2854;2872;2872;2872;2872;2872;2872;2872;2885;2885;2885;2885;2885;2885;2885;2885;2896;2896;2896;2896;2896;2896;2904;2904;2904;2904;2904;2904;2904;2912;2912;2912;2912;2912;2912;2912;2919;2919;2919;2919;2919;2919;2919;2926;2926;2926;2926;2926;2926;2926;2934;2934;2934;2934;2934;2934;2934;2940;2940;2940;2940;2940;2940;2940;2946;2946;2946;
Eswatini;;1422;1422;1422;1422;1422;1422;1422;1422;1422;1422;1422;1422;1422;1422;1422;1422;1422;1422;1422;1422;1422;1422;1422;1422;1422;1422;1422;1422;1422;1422;1422;1422;1422;1422;1422;1423;1423;1423;1423;1423;1423;1423;1423;1423;1423;1423;1423;1423;1423;1423;1423;1423;1423;1423;1423;1423;1423;1423;1423;1423;1423;1423;1423;1425;1425;1425;1425;1425;
Ethiopia;;7572;7572;7572;7572;7572;7572;7572;7572;7572;7572;7572;7572;7572;7572;7572;7572;7572;7572;7572;7572;7572;7572;7572;7572;7572;7572;7572;7572;7572;7572;7572;7572;7572;7572;7572;7572;7572;7572;7572;7572;7572;7572;7572;7572;7572;7572;7572;7572;7572;7572;7572;7572;7572;7572;7572;7572;7572;7572;7572;7572;7572;7572;7572;7572;7572;7572;7572;7572;
Fiji;;881;881;881;881;883;883;883;883;883;883;883;883;883;883;883;883;883;883;883;883;883;883;883;883;883;883;883;883;883;883;883;883;883;883;883;883;883;883;883;883;883;883;883;883;883;883;883;883;883;883;883;883;883;883;883;883;883;883;883;883;883;883;883;883;883;883;883;883;
Finland;;7933;7933;7933;7933;8263;8263;8263;8263;8263;8263;8263;8431;8431;8431;8431;8431;8431;8431;8557;8557;8557;8557;8557;8557;8557;8639;8639;8639;8639;8639;8639;8639;8739;8739;8739;8739;8739;8739;8739;8821;8821;8821;8821;8821;8821;8821;8859;8859;8859;8859;8859;8859;8859;8892;8892;8892;8892;8892;8892;8892;8936;8936;8936;8936;8936;8936;8936;8967;
France;French Guiana;411;411;411;411;413;413;413;413;413;413;413;413;413;413;413;413;413;413;413;413;413;413;413;413;413;413;413;413;413;413;413;413;413;413;413;413;413;413;413;413;413;413;413;413;413;413;413;413;413;413;413;413;413;413;413;413;413;413;413;413;413;413;413;413;413;413;413;413;
France;French Polynesia;649;649;649;649;649;649;649;649;649;649;649;649;649;649;649;649;649;649;649;649;649;649;649;649;649;649;649;649;649;649;649;649;649;649;649;649;649;649;649;649;649;649;649;649;649;649;649;649;649;649;649;649;649;649;649;649;649;649;649;649;649;649;649;649;649;649;649;649;
France;Guadeloupe;997;997;999;999;999;999;999;999;999;1003;1003;1003;1003;1003;1003;1003;1003;1003;1003;1003;1003;1003;1003;1007;1007;1007;1007;1007;1007;1007;1007;1007;1007;1007;1007;1007;1007;1010;1010;1010;1010;1010;1010;1010;1010;1010;1010;1010;1010;1010;1010;1010;1010;1010;1010;1010;1010;1010;1010;1010;1010;1010;1010;1010;1010;1010;1010;1010;
France;Martinique;1076;1076;1079;1079;1079;1079;1079;1079;1079;1085;1085;1085;1085;1085;1085;1085;1085;1085;1085;1085;1085;1085;1085;1089;1089;1089;1089;1089;1089;1089;1089;1089;1089;1089;1089;1089;1089;1091;1091;1091;1091;1091;1091;1091;1091;1091;1091;1091;1091;1091;1091;1091;1092;1092;1092;1092;1092;1092;1092;1092;1092;1092;1092;1092;1092;1092;1092;1092;
France;Mayotte;187;187;188;188;188;187;187;187;187;187;187;187;187;187;187;187;187;187;187;187;187;187;187;187;187;187;187;187;187;187;187;187;187;187;187;187;187;187;187;187;187;187;187;187;187;187;187;187;187;187;187;187;187;187;187;187;187;187;187;187;187;187;187;187;187;187;187;187;
France;New Caledonia;314;314;314;314;314;314;314;314;314;314;314;314;314;314;314;314;314;314;314;314;314;314;314;314;314;314;314;314;314;314;314;314;314;314;314;314;314;314;314;314;314;314;314;314;314;314;314;314;314;314;314;314;314;314;314;314;314;314;314;314;314;314;314;314;314;314;314;314;
France;Reunion;906;906;906;906;906;911;911;911;911;911;911;911;915;915;915;915;915;915;915;916;916;916;916;916;916;916;916;916;916;919;919;919;919;919;919;919;919;919;919;919;919;919;919;921;921;921;921;921;921;921;921;921;921;921;921;921;921;921;921;921;921;921;921;921;921;921;921;921;
France;Saint Barthelemy;6;6;6;6;6;6;6;6;6;6;6;6;6;6;6;6;6;6;6;6;6;6;6;6;6;6;6;6;6;6;6;6;6;6;6;6;6;6;6;6;6;6;6;6;6;6;6;6;6;6;6;6;6;6;6;6;6;6;6;6;6;6;6;6;6;6;6;6;
France;Saint Pierre and Miquelon;2;2;2;2;2;2;2;2;2;2;2;2;2;2;2;2;2;2;2;2;2;2;2;2;2;2;2;2;2;2;2;2;2;2;2;2;2;2;2;2;2;2;2;2;2;2;2;2;2;2;2;2;2;2;2;2;2;2;2;2;2;2;2;2;2;2;2;2;
France;St Martin;63;63;63;63;63;63;63;63;63;63;63;63;63;63;63;63;63;63;63;63;63;63;63;63;63;63;63;63;63;63;63;63;63;63;63;63;63;63;63;63;63;63;63;63;63;63;63;63;63;63;63;63;63;63;63;63;63;63;63;63;63;63;63;63;63;63;63;63;
France;Wallis and Futuna;7;7;7;7;7;7;7;7;7;7;7;7;7;7;7;7;7;7;7;7;7;7;7;7;7;7;7;7;7;7;7;7;7;7;7;7;7;7;7;7;7;7;7;7;7;7;7;7;7;7;7;7;7;7;7;7;7;7;7;7;7;7;7;7;7;7;7;7;
France;;158385;158637;158794;158917;159058;159061;159061;159061;159401;159506;159594;159647;159744;159744;159744;159860;159959;160041;160105;160148;160148;160148;160345;160396;160374;160424;160468;160468;160468;160561;160618;160671;160723;160751;160751;160751;160812;160849;160880;160897;160917;160917;160917;160965;161000;161035;161062;161090;161090;161090;161137;161169;161206;161225;161254;161254;161254;161306;161340;161365;161386;161407;161407;161407;161450;161474;161501;161512;
Gabon;;306;306;306;306;306;306;306;306;306;306;306;306;306;306;306;306;306;306;306;306;306;306;306;306;306;306;306;306;306;306;306;306;306;306;306;306;306;306;306;306;306;306;306;306;306;306;306;306;306;306;306;306;306;306;306;306;306;306;306;306;306;306;306;306;306;306;306;306;
Gambia;;372;372;372;372;372;372;372;372;372;372;372;372;372;372;372;372;372;372;372;372;372;372;372;372;372;372;372;372;372;372;372;372;372;372;372;372;372;372;372;372;372;372;372;372;372;372;372;372;372;372;372;372;372;372;372;372;372;372;372;372;372;372;372;372;372;372;372;372;
Georgia;;16897;16897;16899;16899;16899;16899;16899;16899;16899;16899;16899;16909;16909;16909;16909;16909;16909;16909;16909;16909;16909;16909;16909;16926;16926;16926;16926;16926;16926;16926;16926;16926;16934;16934;16934;16934;16934;16934;16941;16941;16941;16941;16941;16941;16941;16950;16950;16950;16950;16950;16950;16950;16965;16965;16965;16965;16965;16965;16965;16965;16965;16965;16965;16965;16965;16965;16971;16971;
Germany;;161465;161714;162021;162256;162518;162688;162688;162688;162975;163244;163425;163625;163775;163775;163775;163965;164153;164391;164585;164703;164703;164703;164844;165001;165139;165314;165441;165441;165441;165563;165711;165865;166016;166128;166128;166128;166292;166399;166526;166660;166660;166763;166763;166875;166999;167124;167214;167301;167301;167301;167387;167491;167604;167723;167812;167812;167812;167951;168086;168175;168296;168397;168397;168397;168397;168709;168808;168935;
Ghana;;1461;1461;1461;1461;1461;1461;1461;1461;1461;1461;1461;1461;1462;1462;1462;1462;1462;1462;1462;1462;1462;1462;1462;1462;1462;1462;1462;1462;1462;1462;1462;1462;1462;1462;1462;1462;1462;1462;1462;1462;1462;1462;1462;1462;1462;1462;1462;1462;1462;1462;1462;1462;1462;1462;1462;1462;1462;1462;1462;1462;1462;1462;1462;1462;1462;1462;1462;1462;
Greece;;34779;34779;34779;34779;34779;34779;34779;34779;34779;34779;34779;34779;34779;34779;34779;34779;34779;34779;34779;34779;34779;34779;34779;34779;34779;34779;34779;34779;34779;34779;34779;34779;34779;34779;34779;34779;34779;34779;34779;34779;34779;34779;34779;34779;34779;34779;34779;34779;34779;34779;34779;34779;34779;34779;34779;34779;34779;34779;34779;34779;34779;34779;34779;34779;34779;34779;34779;34779;
Grenada;;238;238;238;238;238;238;238;238;238;238;238;238;238;238;238;238;238;238;238;238;238;238;238;238;238;238;238;238;238;238;238;238;238;238;238;238;238;238;238;238;238;238;238;238;238;238;238;238;238;238;238;238;238;238;238;238;238;238;238;238;238;238;238;238;238;238;238;238;
Guatemala;;20002;20003;20004;20005;20007;20010;20017;20018;20020;20027;20033;20042;20045;20050;20054;20056;20059;20063;20064;20069;20072;20074;20079;20081;20084;20088;20092;20096;20098;20101;20106;20110;20114;20120;20125;20128;20130;20134;20137;20139;20142;20142;20149;20151;20152;20153;20154;20155;20156;20157;20158;20159;20160;20163;20165;20167;20168;20169;20173;20176;20176;20177;20178;20178;20178;20180;20182;20182;
Guinea;;466;466;466;466;466;466;466;466;466;466;466;466;466;466;466;467;467;467;467;467;467;467;467;467;467;467;467;467;467;467;467;467;467;467;467;467;467;467;467;467;467;467;467;467;467;467;467;467;467;467;467;467;467;467;467;467;467;467;467;467;467;467;467;467;467;467;467;467;
Guinea-Bissau;;176;176;176;176;176;176;176;176;176;176;176;176;176;176;176;176;176;176;176;176;176;176;176;176;176;176;176;176;176;176;176;176;176;176;176;176;176;176;176;176;176;176;176;176;176;176;176;176;176;176;176;176;176;176;176;176;176;176;176;176;176;176;176;176;176;176;176;176;
Guyana;;1286;1286;1289;1289;1289;1290;1290;1290;1290;1291;1291;1291;1293;1293;1293;1293;1293;1293;1293;1293;1293;1293;1293;1294;1294;1294;1294;1294;1294;1294;1294;1294;1294;1295;1295;1295;1295;1296;1296;1296;1296;1297;1297;1297;1298;1298;1298;1298;1298;1298;1298;1298;1298;1298;1298;1298;1298;1298;1298;1298;1298;1298;1298;1298;1298;1298;1298;1298;
Haiti;;860;860;860;860;860;860;860;860;860;860;860;860;860;860;860;860;860;860;860;860;860;860;860;860;860;860;860;860;860;860;860;860;860;860;860;860;860;860;860;860;860;860;860;860;860;860;860;860;860;860;860;860;860;860;860;860;860;860;860;860;860;860;860;860;860;860;860;860;
Holy See;;0;0;0;0;0;0;0;0;0;0;0;0;0;0;0;0;0;0;0;0;0;0;0;0;0;0;0;0;0;0;0;0;0;0;0;0;0;0;0;0;0;0;0;0;0;0;0;0;0;0;0;0;0;0;0;0;0;0;0;0;0;0;0;0;0;0;0;0;
Honduras;;11071;11071;11071;11082;11088;11088;11088;11088;11088;11088;11088;11095;11095;11095;11095;11095;11098;11098;11098;11099;11099;11099;11099;11099;11102;11102;11102;11102;11102;11102;11104;11104;11104;11104;11104;11104;11104;11107;11107;11107;11107;11107;11107;11107;11107;11107;11109;11109;11109;11109;11109;11109;11109;11109;11109;11109;11111;11111;11111;11111;11111;11111;11111;11111;11111;11111;11111;11111;
Hungary;;48495;48495;48495;48495;48546;48546;48546;48546;48546;48546;48578;48578;48578;48578;48578;48578;48578;48629;48629;48629;48629;48629;48629;48629;48658;48658;48658;48658;48658;48658;48658;48677;48677;48677;48677;48677;48677;48677;48707;48707;48707;48707;48707;48707;48707;48738;48738;48738;48738;48738;48738;48738;48745;48745;48745;48745;48745;48745;48745;48751;48751;48751;48751;48751;48751;48751;48762;48762;
Iceland;;229;229;229;229;229;229;229;229;229;229;229;229;229;229;229;229;238;238;238;238;238;238;238;238;199;199;199;199;199;199;199;199;199;199;199;199;199;211;211;211;211;211;211;211;211;211;211;211;211;211;211;211;211;211;211;211;211;211;263;263;263;263;263;263;263;263;263;263;
India;;530707;530707;530707;530710;530714;530718;530720;530721;530722;530722;530723;530725;530726;530726;530726;530726;530728;530728;530728;530730;530733;530735;530737;530737;530738;530739;530739;530740;530740;530740;530740;530741;530741;530745;530745;530745;530745;530746;530748;530750;530750;530750;530753;530753;530756;530757;530757;530757;530760;530761;530761;530762;530763;530764;530764;530769;530770;530771;530772;530772;530772;530775;530775;530775;530775;530775;530776;530779;
Indonesia;;160619;160635;160648;160657;160665;160673;160679;160683;160694;160697;160705;160711;160719;160724;160727;160739;160746;160756;160764;160772;160777;160781;160788;160793;160795;160799;160801;160802;160803;160810;160814;160817;160822;160826;160831;160832;160838;160847;160852;160855;160858;160860;160864;160870;160873;160878;160880;160884;160884;160886;160888;160892;160894;160897;160902;160905;160908;160911;160914;160916;160920;160925;160928;160930;160932;160934;160937;160941;
Iran;;144688;144693;144696;144696;144699;144704;144706;144708;144710;144717;144720;144722;144723;144724;144727;144727;144728;144728;144730;144732;144734;144735;144737;144741;144744;144744;144744;144744;144747;144747;144749;144751;144752;144754;144756;144757;144764;144768;144771;144775;144779;144779;144781;144783;144788;144789;144793;144793;144793;144804;144812;144817;144824;144828;144832;144835;144842;144845;144845;144858;144864;144867;144878;144893;144902;144907;144922;144933;
Iraq;;25373;25374;25375;25375;25375;25375;25375;25375;25375;25375;25375;25375;25375;25375;25375;25375;25375;25375;25375;25375;25375;25375;25375;25375;25375;25375;25375;25375;25375;25375;25375;25375;25375;25375;25375;25375;25375;25375;25375;25375;25375;25375;25375;25375;25375;25375;25375;25375;25375;25375;25375;25375;25375;25375;25375;25375;25375;25375;25375;25375;25375;25375;25375;25375;25375;25375;25375;25375;
Ireland;;8293;8293;8293;8339;8339;8339;8339;8339;8339;8339;8388;8388;8388;8388;8388;8388;8388;8431;8431;8431;8431;8431;8431;8431;8462;8462;8462;8462;8462;8462;8462;8515;8515;8515;8515;8515;8515;8515;8602;8602;8602;8602;8602;8602;8602;8629;8629;8629;8629;8629;8629;8629;8655;8655;8655;8655;8655;8655;8655;8691;8691;8691;8691;8691;8691;8691;8708;8708;
Israel;;12047;12055;12062;12069;12079;12079;12079;12079;12100;12101;12108;12111;12111;12111;12111;12126;12126;12137;12141;12141;12141;12148;12149;12156;12162;12170;12170;12170;12174;12177;12193;12193;12202;12203;12203;12215;12219;12222;12224;12228;12229;12229;12236;12240;12242;12244;12246;12246;12247;12250;12250;12256;12256;12268;12268;12268;12272;12284;12290;12292;12303;12303;12303;12307;12307;12307;12325;12329;
Italy;;184642;184642;184642;184642;184642;185417;185417;185417;185417;185417;185417;185417;185993;185993;185993;185993;185993;185993;185993;186488;186488;186488;186488;186488;186488;186488;186833;186833;186833;186833;186833;186833;186833;187272;187272;187272;187272;187272;187272;187272;187551;187551;187551;187551;187551;187551;187551;187850;187850;187850;187850;187850;187850;187850;188094;188094;188094;188094;188094;188094;188094;188322;188322;188322;188322;188322;188322;188322;
Jamaica;;3461;3461;3464;3464;3464;3464;3464;3464;3465;3465;3465;3465;3465;3465;3465;3465;3476;3476;3476;3476;3476;3476;3476;3480;3480;3480;3480;3480;3480;3480;3480;3484;3484;3484;3484;3484;3484;3484;3484;3488;3488;3488;3488;3488;3500;3500;3500;3500;3500;3500;3500;3500;3500;3500;3500;3500;3500;3500;3500;3502;3502;3502;3502;3502;3502;3502;3511;3514;
Japan;;57521;57729;57952;58170;58504;58960;59423;59830;60166;60419;60800;61289;61769;62272;62687;62971;63328;63777;64228;64653;65051;65377;65630;65937;66305;66715;67058;67396;67647;67853;68099;68407;68804;69041;69297;69485;69609;69770;69970;70193;70385;70566;70703;70796;70931;71144;71316;71457;71587;71694;71745;71817;71931;72059;72142;72214;72276;72328;72395;72494;72581;72648;72729;72779;72813;72848;72917;72997;
Jordan;;14122;14122;14122;14122;14122;14122;14122;14122;14122;14122;14122;14122;14122;14122;14122;14122;14122;14122;14122;14122;14122;14122;14122;14122;14122;14122;14122;14122;14122;14122;14122;14122;14122;14122;14122;14122;14122;14122;14122;14122;14122;14122;14122;14122;14122;14122;14122;14122;14122;14122;14122;14122;14122;14122;14122;14122;14122;14122;14122;14122;14122;14122;14122;14122;14122;14122;14122;14122;
Kazakhstan;;19057;19057;19058;19058;19060;19060;19060;19060;19060;19061;19062;19063;19063;19063;19063;19063;19064;19064;19064;19065;19065;19065;19065;19065;19065;19065;19065;19065;19065;19065;19065;19065;19065;19065;19065;19065;19065;19066;19066;19066;19066;19066;19066;19066;19067;19067;19068;19068;19068;19068;19068;19068;19068;19068;19068;19068;19068;19068;19068;19069;19069;19069;19069;19069;19069;19069;19071;19071;
Kenya;;5688;5688;5688;5688;5688;5688;5688;5688;5688;5688;5688;5688;5688;5688;5688;5688;5688;5688;5688;5688;5688;5688;5688;5688;5688;5688;5688;5688;5688;5688;5688;5688;5688;5688;5688;5688;5688;5688;5688;5688;5688;5688;5688;5688;5688;5688;5688;5688;5688;5688;5688;5688;5688;5688;5688;5688;5688;5688;5688;5688;5688;5688;5688;5688;5688;5688;5688;5688;
Kiribati;;13;13;13;13;13;13;13;13;13;17;17;17;17;17;17;17;17;17;17;18;18;18;18;18;18;18;18;18;18;18;18;18;18;18;18;18;18;18;18;18;18;18;18;18;18;18;18;18;18;18;18;18;18;18;18;18;18;18;18;18;18;18;18;18;18;18;18;18;
Korea; North;6;6;6;6;6;6;6;6;6;6;6;6;6;6;6;6;6;6;6;6;6;6;6;6;6;6;6;6;6;6;6;6;6;6;6;6;6;6;6;6;6;6;6;6;6;6;6;6;6;6;6;6;6;6;6;6;6;6;6;6;6;6;6;6;6;6;6;6;6
Korea; South;32219;32272;32301;32355;32421;32496;32556;32590;32625;32669;32745;32821;32867;32912;32949;32984;33014;33057;33104;33134;33185;33209;33235;33245;33270;33296;33332;33361;33390;33420;33444;33486;33522;33552;33574;33596;33614;33624;33646;33680;33697;33697;33736;33747;33758;33782;33804;33832;33844;33856;33865;33873;33887;33909;33929;33940;33940;33961;33977;33988;34003;34014;34020;34020;34034;34049;34061;34081;34093
Kosovo;;3202;3202;3202;3202;3202;3202;3202;3202;3202;3202;3202;3202;3202;3202;3202;3202;3202;3202;3202;3202;3202;3202;3202;3202;3202;3202;3202;3202;3203;3203;3203;3204;3204;3204;3204;3204;3204;3204;3204;3204;3204;3204;3204;3204;3206;3206;3206;3206;3206;3206;3206;3206;3207;3207;3207;3207;3208;3210;3211;3211;3211;3211;3211;3211;3211;3211;3211;3211;
Kuwait;;2570;2570;2570;2570;2570;2570;2570;2570;2570;2570;2570;2570;2570;2570;2570;2570;2570;2570;2570;2570;2570;2570;2570;2570;2570;2570;2570;2570;2570;2570;2570;2570;2570;2570;2570;2570;2570;2570;2570;2570;2570;2570;2570;2570;2570;2570;2570;2570;2570;2570;2570;2570;2570;2570;2570;2570;2570;2570;2570;2570;2570;2570;2570;2570;2570;2570;2570;2570;
Kyrgyzstan;;2991;2991;2991;2991;2991;2991;2991;2991;2991;2991;2991;2991;2991;2991;2991;2991;2991;2991;2991;2991;2991;2991;2991;2991;2991;2991;2991;2991;2991;2991;2991;2991;2991;2991;2991;2991;2991;2991;2991;2991;2991;2991;2991;2991;2991;2991;2991;2991;2991;2991;2991;2991;2991;2991;2991;2991;2991;2991;2991;2991;2991;2991;2991;2991;2991;2991;2991;2991;
Laos;;758;758;758;758;758;758;758;758;758;758;758;758;758;758;758;758;758;758;758;758;758;758;758;758;758;758;758;758;758;758;758;758;758;758;758;758;758;758;758;758;758;758;758;758;758;758;758;758;758;758;758;758;758;758;758;758;758;758;758;758;758;758;758;758;758;758;758;758;
Latvia;;6161;6165;6165;6165;6175;6177;6177;6177;6179;6181;6188;6192;6195;6195;6195;6197;6200;6203;6205;6206;6206;6206;6206;6206;6211;6211;6211;6211;6211;6214;6214;6238;6238;6239;6239;6239;6241;6242;6243;6243;6245;6245;6245;6245;6246;6247;6251;6255;6255;6255;6255;6255;6258;6258;6258;6258;6258;6258;6258;6265;6265;6265;6265;6265;6265;6265;6269;6269;
Lebanon;;10746;10747;10747;10748;10748;10750;10752;10754;10755;10756;10757;10758;10759;10760;10761;10762;10764;10767;10769;10769;10771;10775;10776;10778;10781;10783;10784;10786;10787;10788;10790;10792;10793;10794;10795;10795;10797;10797;10800;10801;10801;10801;10803;10805;10805;10808;10810;10813;10813;10813;10819;10819;10821;10821;10822;10823;10825;10828;10828;10832;10832;10835;10835;10840;10840;10840;10840;10841;
Lesotho;;706;706;723;723;723;723;723;723;723;723;723;723;723;723;723;723;723;723;723;723;723;723;723;723;723;723;723;723;723;723;723;723;723;723;723;723;723;723;723;723;723;723;723;723;723;723;723;723;723;723;723;723;723;723;723;723;723;723;723;723;723;723;723;723;723;723;723;723;
Liberia;;294;294;294;294;294;294;294;294;294;294;294;294;294;294;294;294;294;294;294;294;294;294;294;294;294;294;294;294;294;294;294;294;294;294;294;294;294;294;294;294;294;294;294;294;294;294;294;294;294;294;294;294;294;294;294;294;294;294;294;295;295;295;295;295;295;295;295;295;
Libya;;6437;6437;6437;6437;6437;6437;6437;6437;6437;6437;6437;6437;6437;6437;6437;6437;6437;6437;6437;6437;6437;6437;6437;6437;6437;6437;6437;6437;6437;6437;6437;6437;6437;6437;6437;6437;6437;6437;6437;6437;6437;6437;6437;6437;6437;6437;6437;6437;6437;6437;6437;6437;6437;6437;6437;6437;6437;6437;6437;6437;6437;6437;6437;6437;6437;6437;6437;6437;
Liechtenstein;;88;88;88;88;88;88;88;88;88;88;88;88;88;88;88;88;88;88;88;89;89;89;89;89;89;89;89;89;89;89;89;89;89;89;89;89;89;89;89;89;89;89;89;89;89;89;89;89;89;89;89;89;89;89;89;89;89;89;89;89;89;89;89;89;89;89;89;89;
Lithuania;;9481;9485;9488;9491;9494;9497;9497;9497;9501;9505;9511;9510;9514;9514;9514;9521;9524;9521;9525;9526;9526;9526;9530;9535;9531;9535;9535;9535;9535;9540;9541;9545;9549;9550;9550;9550;9551;9552;9556;9554;9555;9555;9555;9559;9561;9560;9560;9570;9570;9570;9575;9579;9578;9582;9582;9582;9582;9585;9585;9589;9589;9590;9590;9590;9594;9595;9596;9596;
Luxembourg;;1178;1178;1189;1189;1191;1195;1195;1195;1195;1198;1199;1200;1200;1200;1200;1200;1201;1202;1204;1204;1204;1204;1204;1206;1207;1207;1207;1207;1207;1207;1210;1211;1211;1211;1211;1211;1211;1212;1212;1212;1212;1212;1212;1212;1214;1214;1214;1214;1214;1214;1214;1214;1215;1215;1215;1215;1215;1215;1215;1219;1219;1219;1219;1219;1219;1219;1220;1220;
MS Zaandam;;2;2;2;2;2;2;2;2;2;2;2;2;2;2;2;2;2;2;2;2;2;2;2;2;2;2;2;2;2;2;2;2;2;2;2;2;2;2;2;2;2;2;2;2;2;2;2;2;2;2;2;2;2;2;2;2;2;2;2;2;2;2;2;2;2;2;2;2;
Madagascar;;1416;1416;1418;1418;1418;1418;1418;1418;1418;1418;1418;1418;1418;1418;1418;1418;1418;1418;1418;1418;1418;1419;1419;1419;1419;1419;1419;1419;1419;1419;1419;1419;1419;1419;1419;1420;1420;1420;1420;1420;1420;1420;1421;1421;1421;1421;1421;1421;1421;1421;1421;1421;1421;1421;1421;1421;1422;1422;1422;1422;1422;1422;1422;1423;1423;1423;1423;1423;
Malawi;;2685;2685;2685;2685;2685;2685;2685;2685;2685;2685;2685;2685;2685;2685;2685;2685;2686;2686;2686;2686;2686;2686;2686;2686;2686;2686;2686;2686;2686;2686;2686;2686;2686;2686;2686;2686;2686;2686;2686;2686;2686;2686;2686;2686;2686;2686;2686;2686;2686;2686;2686;2686;2686;2686;2686;2686;2686;2686;2686;2686;2686;2686;2686;2686;2686;2686;2686;2686;
Malaysia;;36857;36858;36859;36859;36866;36870;36874;36875;36883;36892;36901;36905;36908;36908;36908;36914;36919;36923;36923;36930;36932;36932;36932;36932;36933;36936;36938;36940;36940;36942;36942;36942;36942;36942;36943;36943;36944;36946;36946;36946;36950;36951;36951;36952;36953;36954;36954;36954;36955;36956;36957;36957;36957;36957;36957;36957;36957;36957;36958;36960;36965;36965;36965;36966;36966;36966;36967;36967;
Maldives;;311;311;311;311;311;311;311;311;311;311;311;311;311;311;311;311;311;311;311;311;311;311;311;311;311;311;311;311;311;311;311;311;311;311;311;311;311;311;311;311;311;311;311;311;311;311;311;311;311;311;311;311;311;311;311;311;311;311;311;311;311;311;311;311;311;311;311;311;
Mali;;743;743;743;743;743;743;743;743;743;743;743;743;743;743;743;743;743;743;743;743;743;743;743;743;743;743;743;743;743;743;743;743;743;743;743;743;743;743;743;743;743;743;743;743;743;743;743;743;743;743;743;743;743;743;743;743;743;743;743;743;743;743;743;743;743;743;743;743;
Malta;;817;817;817;818;820;820;821;821;821;822;822;822;822;822;822;822;822;822;823;823;823;823;823;824;824;824;824;824;824;824;824;824;824;824;824;824;824;826;826;826;826;826;826;826;826;826;826;826;826;826;826;827;827;827;827;827;827;827;827;827;827;827;827;827;827;828;828;828;
Marshall Islands;;17;17;17;17;17;17;17;17;17;17;17;17;17;17;17;17;17;17;17;17;17;17;17;17;17;17;17;17;17;17;17;17;17;17;17;17;17;17;17;17;17;17;17;17;17;17;17;17;17;17;17;17;17;17;17;17;17;17;17;17;17;17;17;17;17;17;17;17;
Mauritania;;997;997;997;997;997;997;997;997;997;997;997;997;997;997;997;997;997;997;997;997;997;997;997;997;997;997;997;997;997;997;997;997;997;997;997;997;997;997;997;997;997;997;997;997;997;997;997;997;997;997;997;997;997;997;997;997;997;997;997;997;997;997;997;997;997;997;997;997;
Mauritius;;1041;1041;1041;1041;1041;1041;1041;1041;1042;1042;1042;1042;1042;1042;1042;1042;1042;1042;1042;1042;1042;1042;1043;1043;1043;1043;1043;1043;1043;1043;1043;1043;1043;1043;1043;1043;1044;1044;1044;1044;1044;1044;1044;1044;1044;1044;1044;1044;1044;1044;1044;1044;1044;1044;1044;1044;1044;1044;1044;1044;1044;1044;1044;1044;1044;1044;1044;1044;
Mexico;;331099;331099;331197;331206;331206;331263;331263;331324;331324;331333;331333;331407;331510;331510;331595;331595;331605;331605;331605;331829;331870;331881;331897;331955;331955;332026;332087;332087;332190;332190;332198;332324;332324;332393;332393;332475;332479;332479;332483;332580;332580;332580;332580;332580;332653;332695;332695;332695;332695;332839;332839;332850;332885;332938;332938;332938;332986;332986;332988;333038;333038;333038;333096;333100;333100;333136;333170;333188;
Micronesia;;58;58;58;58;58;58;58;58;58;58;58;58;58;58;58;58;58;58;58;58;58;58;58;58;58;58;58;58;58;58;58;58;58;58;58;58;58;58;58;58;60;60;60;60;60;60;60;60;60;60;60;60;60;60;60;60;60;60;60;61;61;61;61;61;61;61;61;61;
Moldova;;11933;11933;11933;11933;11936;11936;11936;11936;11936;11940;11940;11940;11940;11940;11940;11940;11947;11947;11947;11947;11947;11947;11947;11950;11950;11950;11950;11950;11950;11950;11953;11953;11953;11953;11953;11953;11953;11957;11957;11957;11957;11957;11957;11957;11964;11964;11964;11964;11964;11964;11964;11974;11974;11974;11974;11974;11974;11974;11974;11988;11988;11988;11988;11988;11988;11988;12003;12003;
Monaco;;65;65;65;65;65;65;65;65;65;65;65;65;65;65;65;65;65;65;65;65;65;65;65;65;65;65;65;65;65;65;65;65;65;65;65;65;66;67;67;67;67;67;67;67;67;67;67;67;67;67;67;67;67;67;67;67;67;67;67;67;67;67;67;67;67;67;67;67;
Mongolia;;2136;2136;2136;2136;2136;2136;2136;2136;2136;2136;2136;2136;2136;2136;2136;2136;2136;2136;2136;2136;2136;2136;2136;2136;2136;2136;2136;2136;2136;2136;2136;2136;2136;2136;2136;2136;2136;2136;2136;2136;2136;2136;2136;2136;2136;2136;2136;2136;2136;2136;2136;2136;2136;2136;2136;2136;2136;2136;2136;2136;2136;2136;2136;2136;2136;2136;2136;2136;
Montenegro;;2791;2791;2791;2791;2791;2791;2791;2791;2791;2792;2793;2793;2794;2794;2794;2794;2794;2794;2794;2795;2795;2795;2795;2796;2796;2796;2796;2796;2796;2797;2797;2797;2797;2797;2797;2797;2798;2798;2798;2798;2798;2799;2799;2799;2799;2799;2800;2800;2800;2800;2800;2800;2800;2800;2801;2801;2801;2804;2804;2804;2804;2805;2805;2805;2807;2808;2808;2808;
Morocco;;16295;16295;16295;16295;16295;16295;16295;16295;16295;16295;16295;16295;16295;16295;16295;16295;16296;16296;16296;16296;16296;16296;16296;16296;16296;16296;16296;16296;16296;16296;16296;16296;16296;16296;16296;16296;16296;16296;16296;16296;16296;16296;16296;16296;16296;16296;16296;16296;16296;16296;16296;16296;16296;16296;16296;16296;16296;16296;16296;16296;16296;16296;16296;16296;16296;16296;16296;16296;
Mozambique;;2230;2230;2230;2230;2230;2230;2230;2230;2232;2232;2232;2232;2232;2232;2232;2232;2232;2232;2232;2232;2232;2232;2232;2233;2233;2233;2233;2233;2233;2233;2233;2233;2233;2233;2233;2233;2237;2237;2237;2237;2237;2237;2237;2237;2237;2237;2237;2237;2237;2237;2242;2242;2242;2242;2242;2242;2242;2242;2242;2242;2242;2242;2242;2242;2242;2242;2242;2242;
Namibia;;4082;4082;4082;4082;4082;4082;4082;4082;4082;4082;4082;4082;4082;4082;4082;4082;4083;4083;4083;4083;4083;4083;4083;4083;4083;4083;4083;4083;4083;4088;4088;4088;4088;4088;4088;4088;4088;4088;4088;4088;4088;4088;4088;4090;4090;4090;4090;4090;4090;4090;4090;4090;4090;4090;4090;4090;4090;4090;4090;4090;4090;4090;4090;4090;4090;4090;4090;4090;
Nauru;;1;1;1;1;1;1;1;1;1;1;1;1;1;1;1;1;1;1;1;1;1;1;1;1;1;1;1;1;1;1;1;1;1;1;1;1;1;1;1;1;1;1;1;1;1;1;1;1;1;1;1;1;1;1;1;1;1;1;1;1;1;1;1;1;1;1;1;1;
Nepal;;12019;12019;12019;12019;12019;12019;12020;12020;12020;12020;12020;12020;12020;12020;12020;12020;12020;12020;12020;12020;12020;12020;12020;12020;12020;12020;12020;12020;12020;12020;12020;12020;12020;12020;12020;12020;12020;12020;12020;12020;12020;12020;12020;12020;12020;12020;12020;12020;12020;12020;12020;12020;12020;12020;12020;12020;12020;12020;12020;12020;12020;12020;12020;12020;12020;12020;12020;12020;
Netherlands;Aruba;280;280;280;280;280;280;280;280;280;280;280;281;281;281;281;281;281;281;281;281;281;281;281;281;281;281;281;281;281;281;281;281;281;281;281;281;281;281;281;282;282;282;282;282;282;282;282;282;282;282;282;282;282;282;282;282;282;282;282;282;282;282;282;282;282;282;282;282;
Netherlands;Bonaire, Sint Eustatius and Saba;39;39;39;39;41;41;41;41;41;41;41;41;41;41;41;41;41;41;41;41;41;41;41;41;41;41;41;41;41;41;41;41;41;41;41;41;41;41;41;41;41;41;41;41;41;41;41;41;41;41;41;41;41;41;41;41;41;41;41;41;41;41;41;41;41;41;41;41;
Netherlands;Curacao;299;299;299;299;299;299;299;299;299;299;299;299;299;299;299;299;299;301;301;301;301;301;301;301;301;301;301;301;301;301;301;301;301;301;301;301;301;301;301;301;301;301;301;301;301;301;301;301;301;301;301;301;301;301;301;301;301;301;301;301;301;301;301;301;301;301;301;301;
Netherlands;Sint Maarten;89;89;89;89;89;89;89;89;89;89;89;89;89;89;89;89;89;89;89;89;89;89;89;89;89;89;89;89;89;89;89;91;91;91;91;91;91;91;91;91;91;91;91;91;91;91;91;91;91;91;91;91;91;91;91;91;91;91;91;91;91;91;91;91;91;91;91;91;
Netherlands;;22990;22990;22990;22990;22990;22990;22990;22990;22990;22990;22990;22990;22990;22990;22990;22990;22990;22990;22990;22990;22990;22990;22990;22990;22990;22990;22990;22990;22990;22990;22990;22990;22990;22990;22990;22990;22990;22990;22990;22990;22990;22990;22990;22990;22990;22990;22990;22990;22990;22990;22990;22990;22990;22990;22990;22990;22990;22990;22990;22990;22990;22990;22990;22990;22990;22990;22990;22990;
New Zealand;Cook Islands;1;1;1;1;1;1;1;1;1;1;1;1;1;1;1;2;2;2;2;2;2;2;2;2;2;2;2;2;2;2;2;2;2;2;2;2;2;2;2;2;2;2;2;2;2;2;2;2;2;2;2;2;2;2;2;2;2;2;2;2;2;2;2;2;2;2;2;2;
New Zealand;Niue;0;0;0;0;0;0;0;0;0;0;0;0;0;0;0;0;0;0;0;0;0;0;0;0;0;0;0;0;0;0;0;0;0;0;0;0;0;0;0;0;0;0;0;0;0;0;0;0;0;0;0;0;0;0;0;0;0;0;0;0;0;0;0;0;0;0;0;0;
New Zealand;;2331;2331;2331;2331;2331;2331;2331;2393;2393;2393;2393;2393;2393;2393;2437;2437;2437;2437;2437;2437;2437;2437;2468;2468;2468;2468;2468;2468;2477;2477;2477;2477;2477;2477;2477;2477;2502;2502;2502;2502;2502;2502;2513;2513;2513;2513;2513;2513;2513;2534;2534;2534;2534;2534;2534;2534;2542;2542;2542;2542;2542;2542;2542;2548;2548;2548;2548;2548;
Nicaragua;;245;245;245;245;245;245;245;245;245;245;245;245;245;245;245;245;245;245;245;245;245;245;245;245;245;245;245;245;245;245;245;245;245;245;245;245;245;245;245;245;245;245;245;245;245;245;245;245;245;245;245;245;245;245;245;245;245;245;245;245;245;245;245;245;245;245;245;245;
Niger;;314;314;314;314;315;315;315;315;315;315;315;315;315;315;315;315;315;315;315;315;315;315;315;315;315;315;315;315;315;315;315;315;315;315;315;315;315;315;315;315;315;315;315;315;315;315;315;315;315;315;315;315;315;315;315;315;315;315;315;315;315;315;315;315;315;315;315;315;
Nigeria;;3155;3155;3155;3155;3155;3155;3155;3155;3155;3155;3155;3155;3155;3155;3155;3155;3155;3155;3155;3155;3155;3155;3155;3155;3155;3155;3155;3155;3155;3155;3155;3155;3155;3155;3155;3155;3155;3155;3155;3155;3155;3155;3155;3155;3155;3155;3155;3155;3155;3155;3155;3155;3155;3155;3155;3155;3155;3155;3155;3155;3155;3155;3155;3155;3155;3155;3155;3155;
North Macedonia;;9614;9614;9614;9614;9614;9614;9614;9614;9614;9623;9623;9623;9623;9623;9623;9623;9633;9633;9633;9633;9633;9633;9633;9638;9638;9638;9638;9638;9638;9638;9638;9641;9641;9641;9641;9641;9641;9641;9641;9641;9641;9641;9641;9641;9653;9653;9653;9653;9653;9653;9653;9653;9653;9662;9662;9662;9662;9662;9662;9662;9662;9662;9662;9662;9662;9662;9662;9662;
Norway;;4670;4670;4770;4770;4770;4859;4859;4859;4859;4859;4859;4859;4963;4963;4963;4963;4963;4963;4963;5036;5036;5036;5036;5036;5036;5112;5112;5112;5112;5112;5112;5112;5112;5137;5137;5137;5137;5137;5137;5137;5152;5152;5152;5152;5152;5152;5152;5175;5175;5175;5175;5175;5175;5175;5175;5175;5175;5175;5175;5175;5213;5213;5213;5213;5213;5213;5213;5213;
Oman;;4628;4628;4628;4628;4628;4628;4628;4628;4628;4628;4628;4628;4628;4628;4628;4628;4628;4628;4628;4628;4628;4628;4628;4628;4628;4628;4628;4628;4628;4628;4628;4628;4628;4628;4628;4628;4628;4628;4628;4628;4628;4628;4628;4628;4628;4628;4628;4628;4628;4628;4628;4628;4628;4628;4628;4628;4628;4628;4628;4628;4628;4628;4628;4628;4628;4628;4628;4628;
Pakistan;;30636;30636;30638;30638;30638;30638;30638;30639;30639;30639;30639;30639;30639;30639;30640;30640;30640;30640;30640;30640;30640;30640;30640;30640;30640;30640;30640;30640;30640;30640;30640;30640;30640;30640;30640;30640;30640;30640;30640;30640;30640;30640;30640;30640;30640;30641;30641;30641;30641;30641;30641;30641;30641;30641;30641;30641;30643;30643;30643;30643;30643;30643;30643;30643;30643;30644;30644;30644;
Palau;;9;9;9;9;9;9;9;9;9;9;9;9;9;9;9;9;9;9;9;9;9;9;9;9;9;9;9;9;9;9;9;9;9;9;9;9;9;9;9;9;9;9;9;9;9;9;9;9;9;9;9;9;9;9;9;9;9;9;9;9;9;9;9;9;9;9;9;9;
Panama;;8567;8567;8575;8575;8575;8575;8575;8575;8575;8584;8584;8584;8584;8584;8584;8589;8589;8589;8589;8589;8589;8589;8594;8594;8594;8594;8594;8594;8594;8594;8596;8596;8596;8596;8596;8596;8599;8599;8599;8599;8599;8599;8599;8600;8600;8600;8600;8600;8600;8600;8600;8600;8600;8603;8603;8603;8603;8604;8604;8604;8604;8604;8604;8604;8609;8609;8609;8609;
Papua New Guinea;;669;669;669;669;669;669;669;669;669;669;669;669;669;669;669;669;669;669;669;669;669;669;669;669;669;669;669;669;669;669;670;670;670;670;670;670;670;670;670;670;670;670;670;670;670;670;670;670;670;670;670;670;670;670;670;670;670;670;670;670;670;670;670;670;670;670;670;670;
Paraguay;;19688;19688;19688;19688;19688;19716;19716;19716;19716;19716;19716;19716;19746;19746;19746;19746;19746;19746;19746;19778;19778;19778;19778;19778;19778;19778;19820;19820;19820;19820;19820;19820;19820;19830;19830;19830;19830;19830;19830;19830;19830;19843;19843;19843;19843;19843;19843;19849;19849;19849;19849;19849;19849;19849;19870;19870;19870;19870;19870;19870;19870;19878;19878;19878;19878;19878;19878;19878;
Peru;;218232;218251;218284;218304;218304;218356;218356;218387;218413;218414;218455;218477;218490;218509;218530;218547;218554;218580;218597;218606;218625;218649;218656;218656;218686;218711;218729;218750;218810;218863;218931;219004;219012;219085;219167;219195;219205;219214;219228;219229;219229;219250;219269;219269;219293;219305;219311;219318;219332;219332;219351;219365;219378;219387;219395;219406;219406;219431;219439;219448;219478;219485;219493;219493;219513;219513;219539;219539;
Philippines;;65397;65415;65435;65445;65451;65454;65464;65476;65486;65498;65509;65526;65553;65575;65590;65614;65618;65637;65654;65674;65680;65694;65716;65726;65730;65735;65753;65757;65767;65775;65779;65802;65810;65824;65839;65851;65865;65875;65886;65904;65924;65938;65949;65958;65968;65985;65999;66006;66008;66021;66030;66039;66051;66063;66076;66083;66097;66108;66111;66118;66126;66133;66143;66153;66160;66167;66176;66188;
Poland;;118533;118533;118546;118555;118567;118586;118586;118586;118586;118601;118615;118633;118640;118651;118651;118651;118660;118666;118675;118678;118681;118681;118681;118696;118702;118705;118713;118715;118715;118715;118727;118736;118740;118743;118748;118748;118748;118754;118762;118767;118775;118779;118779;118779;118785;118800;118809;118817;118826;118826;118826;118833;118840;118850;118860;118868;118868;118868;118884;118898;118924;118941;118952;118952;118952;118970;118989;119010;
Portugal;;25714;25714;25805;25805;25805;25805;25805;25805;25805;25805;25805;25805;25805;25805;25805;25805;25805;25805;25942;25942;25942;25942;25942;25987;25987;25987;25987;26002;26002;26002;26022;26022;26033;26033;26033;26033;26033;26052;26052;26052;26059;26059;26059;26059;26103;26103;26117;26117;26117;26117;26117;26117;26117;26117;26117;26117;26117;26117;26117;26180;26180;26180;26180;26180;26180;26180;26266;26266;
Qatar;;685;685;685;685;685;685;685;685;685;685;685;685;685;685;685;685;685;685;685;686;686;686;686;686;686;686;686;686;686;686;686;686;686;686;686;686;686;686;686;686;686;686;686;686;686;686;686;686;686;686;686;686;686;686;686;686;686;686;686;686;686;686;686;687;688;688;688;688;
Romania;;67374;67408;67408;67408;67408;67408;67408;67408;67460;67460;67460;67460;67460;67460;67460;67504;67504;67504;67504;67504;67504;67504;67542;67542;67542;67542;67542;67542;67542;67576;67576;67576;67576;67576;67576;67576;67619;67619;67619;67619;67619;67619;67619;67650;67650;67650;67650;67650;67650;67650;67675;67675;67675;67675;67675;67675;67675;67704;67704;67704;67704;67704;67704;67704;67736;67736;67736;67736;
Russia;;385839;385881;385927;385971;386017;386057;386105;386150;386191;386237;386283;386329;386375;386419;386460;386498;386542;386588;386626;386666;386708;386748;386789;386829;386872;386911;386952;386992;387031;387069;387113;387153;387193;387239;387279;387324;387364;387406;387449;387489;387526;387560;387590;387620;387654;387689;387725;387762;387797;387832;387861;387899;387932;387969;388000;388033;388063;388091;388126;388163;388201;388240;388278;388320;388355;388396;388440;388478;
Rwanda;;1467;1467;1468;1468;1468;1468;1468;1468;1468;1468;1468;1468;1468;1468;1468;1468;1468;1468;1468;1468;1468;1468;1468;1468;1468;1468;1468;1468;1468;1468;1468;1468;1468;1468;1468;1468;1468;1468;1468;1468;1468;1468;1468;1468;1468;1468;1468;1468;1468;1468;1468;1468;1468;1468;1468;1468;1468;1468;1468;1468;1468;1468;1468;1468;1468;1468;1468;1468;
Saint Kitts and Nevis;;46;46;46;46;46;46;46;46;46;46;46;46;46;46;46;46;46;46;46;46;46;46;46;46;46;46;46;46;46;46;46;46;46;46;46;46;46;46;46;46;46;46;46;46;46;46;46;46;46;46;46;46;46;46;46;46;46;46;47;47;47;47;47;47;47;47;47;47;
Saint Lucia;;409;409;409;409;409;409;409;409;409;409;409;409;409;409;409;409;409;409;409;409;409;409;409;409;409;409;409;409;409;409;409;409;409;409;409;409;409;409;409;409;409;409;409;409;409;409;409;409;409;409;409;409;409;409;409;409;409;409;409;409;409;409;409;409;409;409;409;409;
Saint Vincent and the Grenadines;;119;119;119;119;120;120;120;120;120;120;121;121;121;121;121;121;121;123;123;123;123;123;123;123;123;123;123;123;123;123;123;123;123;123;123;123;123;123;123;123;123;123;123;123;123;123;123;123;123;123;123;123;123;123;123;123;123;123;123;123;123;123;123;123;123;123;123;123;
Samoa;;29;29;29;29;29;29;29;29;29;29;29;29;29;29;29;29;29;29;29;29;29;29;29;29;29;29;29;29;29;29;29;29;29;29;29;29;29;29;29;29;29;29;29;29;29;29;29;29;29;29;29;29;29;29;29;29;29;29;29;29;29;29;29;29;29;29;29;29;
San Marino;;121;121;121;121;121;121;121;121;121;121;121;121;121;121;121;121;122;122;122;122;122;122;122;122;122;122;122;122;122;122;122;122;122;122;122;122;122;122;122;122;122;122;122;122;122;122;122;122;122;122;122;122;122;122;122;122;122;122;122;122;122;122;122;122;122;122;122;122;
Sao Tome and Principe;;77;77;77;77;77;77;77;77;77;77;77;77;77;77;77;77;77;77;77;77;77;77;77;77;77;77;77;77;77;77;77;77;77;77;77;77;77;77;77;77;77;77;77;77;77;77;77;77;77;77;77;77;77;77;77;77;77;77;77;77;77;77;77;77;77;77;77;77;
Saudi Arabia;;9520;9521;9524;9526;9527;9528;9529;9531;9533;9534;9537;9539;9540;9542;9544;9545;9546;9549;9552;9554;9555;9557;9560;9561;9563;9564;9566;9568;9570;9571;9574;9575;9577;9578;9579;9580;9582;9583;9586;9587;9590;9591;9592;9593;9595;9596;9598;9599;9600;9602;9605;9606;9607;9608;9611;9613;9614;9615;9614;9615;9617;9617;9617;9617;9617;9618;9618;9618;
Senegal;;1968;1968;1968;1968;1968;1968;1968;1968;1968;1968;1968;1968;1968;1968;1968;1968;1968;1968;1968;1968;1968;1968;1968;1968;1968;1968;1968;1968;1968;1971;1971;1971;1971;1971;1971;1971;1971;1971;1971;1971;1971;1971;1971;1971;1971;1971;1971;1971;1971;1971;1971;1971;1971;1971;1971;1971;1971;1971;1971;1971;1971;1971;1971;1971;1971;1971;1971;1971;
Serbia;;17526;17531;17541;17548;17552;17554;17558;17565;17568;17574;17577;17584;17590;17598;17606;17606;17622;17630;17635;17642;17647;17654;17660;17666;17666;17681;17681;17683;17686;17700;17701;17704;17708;17713;17718;17721;17723;17726;17728;17731;17731;17733;17739;17741;17744;17749;17754;17759;17766;17771;17779;17783;17788;17791;17803;17807;17816;17821;17826;17826;17839;17844;17847;17855;17864;17868;17875;17881;
Seychelles;;172;172;172;172;172;172;172;172;172;172;172;172;172;172;172;172;172;172;172;172;172;172;172;172;172;172;172;172;172;172;172;172;172;172;172;172;172;172;172;172;172;172;172;172;172;172;172;172;172;172;172;172;172;172;172;172;172;172;172;172;172;172;172;172;172;172;172;172;
Sierra Leone;;126;126;126;126;126;126;126;126;126;126;126;126;126;126;126;126;126;126;126;126;126;126;126;126;126;126;126;126;126;126;126;126;126;126;126;126;126;126;126;126;126;126;126;126;126;126;126;126;126;126;126;126;126;126;126;126;126;126;126;126;126;126;126;126;126;126;126;126;
Singapore;;1711;1712;1712;1712;1712;1712;1712;1713;1714;1714;1717;1717;1717;1717;1717;1717;1717;1718;1719;1720;1720;1720;1720;1720;1720;1720;1720;1720;1721;1722;1722;1722;1722;1722;1722;1722;1722;1722;1722;1722;1722;1722;1722;1722;1722;1722;1722;1722;1722;1722;1722;1722;1722;1722;1722;1722;1722;1722;1722;1722;1722;1722;1722;1722;1722;1722;1722;1722;
Slovakia;;20823;20825;20827;20830;20833;20838;20841;20845;20849;20855;20859;20862;20866;20870;20875;20878;20882;20888;20894;20897;20901;20906;20911;20915;20918;20924;20929;20935;20938;20940;20942;20946;20949;20952;20957;20961;20964;20966;20969;20973;20974;20977;20980;20982;20986;20989;20991;20993;20995;20996;20999;21003;21008;21011;21014;21016;21017;21017;21021;21024;21026;21029;21030;21030;21031;21031;21033;21035;
Slovenia;;7012;7013;7016;7021;7021;7023;7025;7025;7028;7029;7030;7032;7034;7036;7036;7037;7038;7039;7040;7042;7043;7045;7047;7048;7050;7053;7055;7056;7056;7056;7056;7057;7058;7060;7060;7060;7062;7062;7062;7063;7063;7064;7064;7064;7065;7065;7065;7066;7067;7067;7067;7067;7068;7071;7071;7071;7071;7071;7071;7071;7072;7073;7074;7074;7075;7076;7077;7078;
Solomon Islands;;153;153;153;153;153;153;153;153;153;153;153;153;153;153;153;153;153;153;153;153;153;153;153;153;153;153;153;153;153;153;153;153;153;153;153;153;153;153;153;153;153;153;153;153;153;153;153;153;153;153;153;153;153;153;153;153;153;153;153;153;153;153;153;153;153;153;153;153;
Somalia;;1361;1361;1361;1361;1361;1361;1361;1361;1361;1361;1361;1361;1361;1361;1361;1361;1361;1361;1361;1361;1361;1361;1361;1361;1361;1361;1361;1361;1361;1361;1361;1361;1361;1361;1361;1361;1361;1361;1361;1361;1361;1361;1361;1361;1361;1361;1361;1361;1361;1361;1361;1361;1361;1361;1361;1361;1361;1361;1361;1361;1361;1361;1361;1361;1361;1361;1361;1361;
South Africa;;102568;102568;102568;102568;102568;102568;102568;102568;102568;102568;102568;102568;102568;102568;102568;102568;102568;102568;102568;102588;102588;102588;102588;102588;102595;102595;102595;102595;102595;102595;102595;102595;102595;102595;102595;102595;102595;102595;102595;102595;102595;102595;102595;102595;102595;102595;102595;102595;102595;102595;102595;102595;102595;102595;102595;102595;102595;102595;102595;102595;102595;102595;102595;102595;102595;102595;102595;102595;
South Sudan;;138;138;138;138;138;138;138;138;138;138;138;138;138;138;138;138;138;138;138;138;138;138;138;138;138;138;138;138;138;138;138;138;138;138;138;138;138;138;138;138;138;138;138;138;138;138;138;138;138;138;138;138;138;138;138;138;138;138;138;138;138;138;138;138;138;138;138;138;
Spain;;117095;117095;117095;117095;117413;117413;117413;117413;117413;117413;117413;117413;117759;117759;117759;117759;117759;117759;117759;118183;118183;118183;118183;118183;118183;118183;118434;118434;118434;118434;118434;118434;118434;118712;118712;118712;118712;118712;118712;118712;118976;118976;118976;118976;118976;118976;118976;119186;119186;119186;119186;119186;119186;119186;119380;119380;119380;119380;119380;119380;119380;119479;119479;119479;119479;119479;119479;119479;
Sri Lanka;;16817;16817;16817;16817;16818;16818;16818;16818;16820;16820;16821;16821;16822;16823;16823;16823;16824;16824;16824;16825;16825;16825;16825;16826;16826;16826;16826;16826;16828;16828;16828;16828;16828;16828;16828;16828;16828;16828;16828;16828;16828;16828;16829;16829;16829;16829;16829;16829;16829;16829;16829;16829;16829;16830;16830;16830;16830;16830;16830;16830;16830;16830;16830;16830;16830;16830;16830;16830;
Sudan;;4994;4994;4994;4994;4995;4995;4995;4995;4995;4995;4995;4995;4995;4995;4995;4998;4998;5001;5001;5001;5001;5001;5001;5001;5001;5001;5001;5001;5001;5001;5001;5008;5008;5008;5008;5008;5008;5008;5008;5008;5008;5008;5008;5011;5011;5011;5011;5011;5011;5011;5011;5011;5011;5011;5011;5011;5011;5011;5011;5013;5013;5013;5013;5013;5013;5013;5017;5017;
Summer Olympics 2020;;0;0;0;0;0;0;0;0;0;0;0;0;0;0;0;0;0;0;0;0;0;0;0;0;0;0;0;0;0;0;0;0;0;0;0;0;0;0;0;0;0;0;0;0;0;0;0;0;0;0;0;0;0;0;0;0;0;0;0;0;0;0;0;0;0;0;0;0;
Suriname;;1398;1398;1398;1398;1398;1398;1398;1398;1398;1398;1398;1398;1398;1398;1398;1398;1398;1398;1398;1398;1398;1398;1398;1398;1398;1398;1398;1398;1398;1398;1398;1398;1400;1400;1400;1400;1400;1400;1400;1400;1400;1400;1400;1400;1400;1400;1400;1400;1400;1400;1400;1400;1400;1400;1400;1400;1400;1400;1400;1404;1404;1404;1404;1404;1404;1404;1404;1404;
Sweden;;21827;21827;21827;21827;22142;22142;22142;22142;22142;22142;22142;22645;22645;22645;22645;22645;22645;22645;23020;23020;23020;23020;23020;23020;23020;23279;23279;23279;23279;23279;23279;23279;23448;23448;23448;23448;23448;23448;23448;23563;23563;23563;23563;23563;23563;23563;23634;23634;23634;23634;23634;23634;23634;23662;23662;23662;23662;23662;23662;23662;23731;23731;23731;23731;23731;23731;23731;23777;
Switzerland;;14174;14174;14182;14190;14190;14190;14190;14190;14193;14193;14201;14201;14234;14234;14234;14234;14237;14243;14243;14243;14243;14243;14243;14243;14244;14244;14244;14244;14244;14244;14244;14244;14244;14244;14244;14244;14211;14211;14211;14211;14211;14211;14211;14202;14202;14202;14202;14202;14202;14202;14203;14203;14203;14203;14203;14203;14203;14203;14203;14207;14207;14207;14207;14207;14207;14207;14209;14210;
Syria;;3163;3163;3163;3163;3163;3163;3163;3163;3163;3163;3163;3163;3164;3164;3164;3164;3164;3164;3164;3164;3164;3164;3164;3164;3164;3164;3164;3164;3164;3164;3164;3164;3164;3164;3164;3164;3164;3164;3164;3164;3164;3164;3164;3164;3164;3164;3164;3164;3164;3164;3164;3164;3164;3164;3164;3164;3164;3164;3164;3164;3164;3164;3164;3164;3164;3164;3164;3164;
Taiwan*;;15273;15299;15321;15338;15383;15445;15506;15542;15582;15608;15654;15702;15755;15802;15833;15873;15903;15929;15977;16038;16071;16098;16122;16146;16168;16189;16204;16224;16246;16276;16308;16356;16430;16535;16614;16687;16750;16795;16849;16894;16964;17046;17103;17157;17193;17258;17319;17397;17452;17520;17564;17608;17672;17672;17672;17672;17672;17672;17672;17672;17672;17672;17672;17672;17672;17672;17672;17672;
Tajikistan;;125;125;125;125;125;125;125;125;125;125;125;125;125;125;125;125;125;125;125;125;125;125;125;125;125;125;125;125;125;125;125;125;125;125;125;125;125;125;125;125;125;125;125;125;125;125;125;125;125;125;125;125;125;125;125;125;125;125;125;125;125;125;125;125;125;125;125;125;
Tanzania;;845;845;845;845;845;845;845;845;845;845;846;846;846;846;846;846;846;846;846;846;846;846;846;846;846;846;846;846;846;846;846;846;846;846;846;846;846;846;846;846;846;846;846;846;846;846;846;846;846;846;846;846;846;846;846;846;846;846;846;846;846;846;846;846;846;846;846;846;
Thailand;;33669;33669;33669;33669;33669;33669;33669;33727;33727;33727;33727;33727;33727;33727;33792;33792;33792;33792;33792;33792;33792;33792;33836;33836;33836;33836;33836;33836;33865;33865;33865;33865;33865;33865;33865;33882;33882;33882;33882;33882;33882;33882;33894;33894;33894;33894;33894;33894;33894;33902;33902;33902;33902;33902;33902;33902;33911;33911;33911;33911;33911;33911;33911;33918;33918;33918;33918;33918;
Timor-Leste;;138;138;138;138;138;138;138;138;138;138;138;138;138;138;138;138;138;138;138;138;138;138;138;138;138;138;138;138;138;138;138;138;138;138;138;138;138;138;138;138;138;138;138;138;138;138;138;138;138;138;138;138;138;138;138;138;138;138;138;138;138;138;138;138;138;138;138;138;
Togo;;290;290;290;290;290;290;290;290;290;290;290;290;290;290;290;290;290;290;290;290;290;290;290;290;290;290;290;290;290;290;290;290;290;290;290;290;290;290;290;290;290;290;290;290;290;290;290;290;290;290;290;290;290;290;290;290;290;290;290;290;290;290;290;290;290;290;290;290;
Tonga;;12;12;12;12;12;12;12;12;12;12;12;13;13;13;13;13;13;13;13;13;13;13;13;13;13;13;13;13;13;13;13;13;13;13;13;13;13;13;13;13;13;13;13;13;13;13;13;13;13;13;13;13;13;13;13;13;13;13;13;13;13;13;13;13;13;13;13;13;
Trinidad and Tobago;;4283;4283;4289;4289;4289;4289;4289;4289;4289;4297;4297;4297;4297;4297;4297;4297;4309;4309;4309;4309;4309;4309;4309;4319;4319;4319;4319;4319;4319;4319;4326;4326;4326;4326;4326;4326;4326;4326;4326;4326;4326;4331;4331;4331;4336;4336;4336;4336;4336;4336;4336;4339;4339;4339;4339;4339;4339;4339;4347;4347;4347;4347;4347;4347;4347;4355;4355;4355;
Tunisia;;29284;29284;29284;29285;29285;29285;29285;29285;29285;29288;29288;29288;29288;29288;29288;29288;29291;29291;29291;29291;29291;29291;29291;29302;29302;29302;29302;29302;29302;29302;29308;29308;29308;29308;29308;29308;29308;29312;29312;29312;29312;29312;29312;29312;29326;29326;29326;29326;29326;29326;29326;29330;29330;29330;29330;29330;29330;29330;29331;29331;29331;29331;29331;29331;29331;29341;29341;29341;
Turkey;;101492;101492;101492;101492;101492;101492;101492;101492;101492;101492;101492;101492;101492;101492;101492;101492;101492;101492;101492;101492;101492;101492;101492;101492;101492;101492;101492;101492;101492;101492;101492;101492;101492;101492;101492;101492;101492;101492;101492;101492;101492;101492;101492;101492;101492;101492;101492;101492;101492;101492;101492;101492;101492;101492;101492;101492;101492;101492;101492;101492;101492;101492;101492;101492;101492;101492;101492;101492;
Tuvalu;;0;0;0;0;0;0;0;0;0;0;0;0;0;0;0;0;0;0;0;0;0;0;0;0;0;0;0;0;0;0;0;0;0;0;0;0;0;0;0;0;0;0;0;0;0;0;0;0;0;0;0;0;0;0;0;0;0;0;0;0;0;0;0;0;0;0;0;0;
US;;1092779;1092801;1093208;1094493;1095335;1095789;1095815;1095832;1096132;1097024;1098854;1099574;1099954;1100006;1100023;1100068;1100812;1102393;1103712;1104154;1104178;1104191;1104505;1105308;1106676;1107559;1107661;1107676;1107690;1107918;1108688;1109996;1111159;1111679;1111696;1111698;1111890;1112362;1113429;1114385;1114492;1114529;1114537;1114709;1115160;1115741;1116851;1117572;1117589;1117590;1117663;1118025;1118886;1119521;1119573;1119587;1119588;1119582;1119917;1120897;1121658;1122165;1122172;1122134;1122181;1122516;1123246;1123836;
Uganda;;3630;3630;3630;3630;3630;3630;3630;3630;3630;3630;3630;3630;3630;3630;3630;3630;3630;3630;3630;3630;3630;3630;3630;3630;3630;3630;3630;3630;3630;3630;3630;3630;3630;3630;3630;3630;3630;3630;3630;3630;3630;3630;3630;3630;3630;3630;3630;3630;3630;3630;3630;3630;3630;3630;3630;3630;3630;3630;3630;3630;3630;3630;3630;3630;3630;3630;3630;3630;
Ukraine;;118689;118690;118739;118740;118741;118788;118789;118789;118789;118790;118790;118792;118854;118856;118858;118860;118861;118861;118863;118922;118923;118924;118924;118926;118927;118928;118928;118972;118973;118973;118974;119018;119018;119018;119018;119018;119018;119019;119020;119089;119089;119091;119092;119092;119093;119138;119139;119140;119141;119142;119143;119143;119144;119144;119145;119146;119147;119149;119149;119209;119210;119211;119212;119213;119216;119217;119281;119283;
United Arab Emirates;;2348;2348;2348;2348;2348;2348;2348;2348;2348;2348;2348;2348;2348;2348;2348;2348;2348;2348;2348;2348;2348;2348;2348;2348;2348;2348;2348;2348;2348;2348;2348;2348;2348;2348;2348;2348;2348;2348;2348;2348;2348;2348;2348;2348;2348;2348;2348;2348;2349;2349;2349;2349;2349;2349;2349;2349;2349;2349;2349;2349;2349;2349;2349;2349;2349;2349;2349;2349;
United Kingdom;Anguilla;12;12;12;12;12;12;12;12;12;12;12;12;12;12;12;12;12;12;12;12;12;12;12;12;12;12;12;12;12;12;12;12;12;12;12;12;12;12;12;12;12;12;12;12;12;12;12;12;12;12;12;12;12;12;12;12;12;12;12;12;12;12;12;12;12;12;12;12;
United Kingdom;Bermuda;153;153;153;154;154;154;154;154;154;154;155;155;155;155;155;155;155;157;157;157;157;157;157;157;157;157;157;157;157;157;157;158;158;158;158;158;158;158;158;158;158;158;158;158;158;159;159;159;159;159;159;159;160;160;160;160;160;160;160;160;160;160;160;160;160;160;160;160;
United Kingdom;British Virgin Islands;64;64;64;64;64;64;64;64;64;64;64;64;64;64;64;64;64;64;64;64;64;64;64;64;64;64;64;64;64;64;64;64;64;64;64;64;64;64;64;64;64;64;64;64;64;64;64;64;64;64;64;64;64;64;64;64;64;64;64;64;64;64;64;64;64;64;64;64;
United Kingdom;Cayman Islands;37;37;37;37;37;37;37;37;37;37;37;37;37;37;37;37;37;37;37;37;37;37;37;37;37;37;37;37;37;37;37;37;37;37;37;37;37;37;37;37;37;37;37;37;37;37;37;37;37;37;37;37;37;37;37;37;37;37;37;37;37;37;37;37;37;37;37;37;
United Kingdom;Channel Islands;0;0;0;0;0;0;0;0;0;0;0;0;0;0;0;0;0;0;0;0;0;0;0;0;0;0;0;0;0;0;0;0;0;0;0;0;0;0;0;0;0;0;0;0;0;0;0;0;0;0;0;0;0;0;0;0;0;0;0;0;0;0;0;0;0;0;0;0;
United Kingdom;Falkland Islands (Malvinas);0;0;0;0;0;0;0;0;0;0;0;0;0;0;0;0;0;0;0;0;0;0;0;0;0;0;0;0;0;0;0;0;0;0;0;0;0;0;0;0;0;0;0;0;0;0;0;0;0;0;0;0;0;0;0;0;0;0;0;0;0;0;0;0;0;0;0;0;
United Kingdom;Gibraltar;110;110;110;110;110;111;111;111;111;111;111;111;111;111;111;111;111;111;111;111;111;111;111;111;111;111;111;111;111;111;111;111;111;111;111;111;111;111;111;111;111;111;111;111;111;111;111;111;111;111;111;111;111;111;111;111;111;111;111;111;111;111;111;111;111;111;111;111;
United Kingdom;Guernsey;66;66;66;66;69;69;69;69;69;69;69;69;62;62;62;62;62;66;66;66;66;66;66;66;66;66;66;66;66;66;66;66;66;66;66;66;66;66;66;66;66;66;66;66;66;66;66;66;66;66;66;66;66;66;66;66;66;66;66;66;66;66;66;66;66;66;66;66;
United Kingdom;Isle of Man;116;116;116;116;116;116;116;116;116;116;116;116;116;116;116;116;116;116;116;116;116;116;116;116;116;116;116;116;116;116;116;116;116;116;116;116;116;116;116;116;116;116;116;116;116;116;116;116;116;116;116;116;116;116;116;116;116;116;116;116;116;116;116;116;116;116;116;116;
United Kingdom;Jersey;146;146;146;146;146;150;150;150;150;150;150;150;154;154;154;154;154;154;154;155;155;155;155;155;155;155;155;157;157;157;157;157;157;161;161;161;161;161;161;161;161;161;161;161;161;161;161;161;161;161;161;161;161;161;161;161;161;161;161;161;161;161;161;161;161;161;161;161;
United Kingdom;Montserrat;8;8;8;8;8;8;8;8;8;8;8;8;8;8;8;8;8;8;8;8;8;8;8;8;8;8;8;8;8;8;8;8;8;8;8;8;8;8;8;8;8;8;8;8;8;8;8;8;8;8;8;8;8;8;8;8;8;8;8;8;8;8;8;8;8;8;8;8;
United Kingdom;Pitcairn Islands;0;0;0;0;0;0;0;0;0;0;0;0;0;0;0;0;0;0;0;0;0;0;0;0;0;0;0;0;0;0;0;0;0;0;0;0;0;0;0;0;0;0;0;0;0;0;0;0;0;0;0;0;0;0;0;0;0;0;0;0;0;0;0;0;0;0;0;0;
United Kingdom;Saint Helena, Ascension and Tristan da Cunha;0;0;0;0;0;0;0;0;0;0;0;0;0;0;0;0;0;0;0;0;0;0;0;0;0;0;0;0;0;0;0;0;0;0;0;0;0;0;0;0;0;0;0;0;0;0;0;0;0;0;0;0;0;0;0;0;0;0;0;0;0;0;0;0;0;0;0;0;
United Kingdom;Turks and Caicos Islands;36;36;36;36;36;36;36;36;36;36;36;36;36;36;36;36;36;38;38;38;38;38;38;38;38;38;38;38;38;38;38;38;38;38;38;38;38;38;38;38;38;38;38;38;38;38;38;38;38;38;38;38;38;38;38;38;38;38;38;38;38;38;38;38;38;38;38;38;
United Kingdom;;216427;216551;216685;216824;216967;217080;217198;217316;217447;217557;217650;217766;217868;217968;218080;218185;218276;218364;218445;218525;218597;218668;218745;218825;218891;218961;219035;219107;219182;219240;219298;219362;219432;219500;219562;219633;219686;219751;219819;219880;219948;219948;219948;219948;219948;219948;219948;219948;219948;219948;219948;219948;219948;219948;219948;219948;219948;219948;219948;219948;219948;219948;219948;219948;219948;219948;219948;219948;
Uruguay;;7562;7570;7570;7570;7570;7570;7570;7570;7586;7586;7586;7586;7586;7586;7586;7597;7597;7597;7597;7597;7597;7597;7601;7601;7601;7601;7601;7601;7601;7609;7609;7609;7609;7609;7609;7609;7614;7614;7614;7614;7614;7614;7614;7614;7617;7617;7617;7617;7617;7617;7617;7617;7617;7617;7617;7617;7617;7617;7617;7617;7617;7617;7617;7617;7617;7617;7617;7617;
Uzbekistan;;1637;1637;1637;1637;1637;1637;1637;1637;1637;1637;1637;1637;1637;1637;1637;1637;1637;1637;1637;1637;1637;1637;1637;1637;1637;1637;1637;1637;1637;1637;1637;1637;1637;1637;1637;1637;1637;1637;1637;1637;1637;1637;1637;1637;1637;1637;1637;1637;1637;1637;1637;1637;1637;1637;1637;1637;1637;1637;1637;1637;1637;1637;1637;1637;1637;1637;1637;1637;
Vanuatu;;14;14;14;14;14;14;14;14;14;14;14;14;14;14;14;14;14;14;14;14;14;14;14;14;14;14;14;14;14;14;14;14;14;14;14;14;14;14;14;14;14;14;14;14;14;14;14;14;14;14;14;14;14;14;14;14;14;14;14;14;14;14;14;14;14;14;14;14;
Venezuela;;5832;5832;5832;5832;5832;5832;5832;5834;5834;5834;5834;5834;5834;5837;5837;5837;5837;5837;5840;5840;5840;5840;5840;5840;5840;5843;5845;5845;5845;5845;5845;5845;5845;5845;5847;5849;5849;5849;5851;5851;5851;5851;5851;5851;5851;5851;5851;5852;5852;5852;5852;5852;5852;5852;5852;5852;5853;5853;5853;5854;5854;5854;5854;5854;5854;5854;5854;5854;
Vietnam;;43186;43186;43186;43186;43186;43186;43186;43186;43186;43186;43186;43186;43186;43186;43186;43186;43186;43186;43186;43186;43186;43186;43186;43186;43186;43186;43186;43186;43186;43186;43186;43186;43186;43186;43186;43186;43186;43186;43186;43186;43186;43186;43186;43186;43186;43186;43186;43186;43186;43186;43186;43186;43186;43186;43186;43186;43186;43186;43186;43186;43186;43186;43186;43186;43186;43186;43186;43186;
West Bank and Gaza;;5708;5708;5708;5708;5708;5708;5708;5708;5708;5708;5708;5708;5708;5708;5708;5708;5708;5708;5708;5708;5708;5708;5708;5708;5708;5708;5708;5708;5708;5708;5708;5708;5708;5708;5708;5708;5708;5708;5708;5708;5708;5708;5708;5708;5708;5708;5708;5708;5708;5708;5708;5708;5708;5708;5708;5708;5708;5708;5708;5708;5708;5708;5708;5708;5708;5708;5708;5708;
Winter Olympics 2022;;0;0;0;0;0;0;0;0;0;0;0;0;0;0;0;0;0;0;0;0;0;0;0;0;0;0;0;0;0;0;0;0;0;0;0;0;0;0;0;0;0;0;0;0;0;0;0;0;0;0;0;0;0;0;0;0;0;0;0;0;0;0;0;0;0;0;0;0;
Yemen;;2159;2159;2159;2159;2159;2159;2159;2159;2159;2159;2159;2159;2159;2159;2159;2159;2159;2159;2159;2159;2159;2159;2159;2159;2159;2159;2159;2159;2159;2159;2159;2159;2159;2159;2159;2159;2159;2159;2159;2159;2159;2159;2159;2159;2159;2159;2159;2159;2159;2159;2159;2159;2159;2159;2159;2159;2159;2159;2159;2159;2159;2159;2159;2159;2159;2159;2159;2159;
Zambia;;4024;4024;4024;4024;4025;4025;4028;4028;4030;4030;4031;4034;4035;4035;4036;4036;4037;4037;4037;4038;4039;4039;4039;4041;4041;4043;4044;4044;4044;4046;4047;4048;4048;4049;4049;4049;4049;4049;4049;4050;4050;4051;4051;4051;4051;4051;4051;4051;4051;4051;4054;4055;4055;4055;4055;4055;4055;4055;4057;4057;4057;4057;4057;4057;4057;4057;4057;4057;
Zimbabwe;;5637;5637;5637;5637;5637;5637;5637;5637;5637;5637;5637;5637;5637;5637;5637;5637;5637;5637;5637;5637;5637;5637;5637;5652;5652;5652;5652;5652;5652;5652;5652;5658;5658;5658;5658;5658;5658;5658;5659;5659;5659;5659;5659;5659;5659;5662;5662;5662;5662;5662;5662;5662;5663;5663;5663;5663;5663;5663;5663;5668;5668;5668;5668;5668;5668;5668;5671;5671;
